OrderLineId,OrderId,ProductId,Quantity,ListPrice,Amount,DeliveredDate,CurrencyCode,CreatedBy,CreationDate,LastUpdatedBy,LastUpdateDate,ObjectVersionNumber,ProductName,ProductId1,ObjectVersionNumber1,ProductNumber,ImageUrl,@context/key
146004,146,14,6,249,1494,,USD,seeded_user,2022-08-22T15:43:33+00:00,seeded_user,2022-08-22T15:43:33+00:00,1,"Silicon Smart Active Smartwatch, Pink",14,1,RWD000403,images/SmartPink05.png,146004
146005,146,14,9,249,2241,,USD,seeded_user,2022-08-22T15:43:33+00:00,seeded_user,2022-08-22T15:43:33+00:00,1,"Silicon Smart Active Smartwatch, Pink",14,1,RWD000403,images/SmartPink05.png,146005
146003,146,19,5,199,995,,USD,seeded_user,2022-08-22T15:43:33+00:00,seeded_user,2022-08-22T15:43:33+00:00,1,AV Noise Cancelling Headphones,19,1,RWD001001,images/HeadphoneRDA800.jpg,146003
146001,146,38,4,355,1420,,USD,seeded_user,2022-08-22T15:43:33+00:00,seeded_user,2022-08-22T15:43:33+00:00,1,Green Gate LaserJet Printer,38,1,RWD007003,images/GreenGatePrinter01.jpg,146001
146002,146,7,5,149,745,,USD,seeded_user,2022-08-22T15:43:33+00:00,seeded_user,2022-08-22T15:43:33+00:00,1,"Oro Gold Wearable, White",7,1,RWD000204,images/OroWhiteAngle.png,146002
147001,147,25,9,599,5391,,USD,seeded_user,2022-08-22T15:43:33+00:00,seeded_user,2022-08-22T15:43:33+00:00,1,Quantum Home Office Laptop,25,1,RWD003001,images/QuantumLaptop01.jpg,147001
147002,147,28,7,89,623,,USD,seeded_user,2022-08-22T15:43:33+00:00,seeded_user,2022-08-22T15:43:33+00:00,1,Alpha Logic Wired Keyboard,28,1,RWD004001,images/AlphaLogicKeyboard01.jpg,147002
147003,147,20,8,249,1992,,USD,seeded_user,2022-08-22T15:43:33+00:00,seeded_user,2022-08-22T15:43:33+00:00,1,AV Noise Cancelling Sport Headphones,20,1,RWD001002,images/HeadphoneRDA850.jpg,147003
148001,148,6,1,149,149,,USD,seeded_user,2022-08-22T15:43:33+00:00,seeded_user,2022-08-22T15:43:33+00:00,1,"Oro Gold Wearable, Pink",6,1,RWD000203,images/OroPinkAngle.png,148001
148002,148,16,3,125,375,,USD,seeded_user,2022-08-22T15:43:33+00:00,seeded_user,2022-08-22T15:43:33+00:00,1,Orion Trendy Smartwatch,16,1,RWD000501,images/SmartWatch06.jpg,148002
148004,148,24,1,699,699,,USD,seeded_user,2022-08-22T15:43:33+00:00,seeded_user,2022-08-22T15:43:33+00:00,1,Green Gate Lite Tablet,24,1,RWD002003,images/GreenGateTablet01.jpg,148004
148005,148,20,2,249,498,,USD,seeded_user,2022-08-22T15:43:33+00:00,seeded_user,2022-08-22T15:43:33+00:00,1,AV Noise Cancelling Sport Headphones,20,1,RWD001002,images/HeadphoneRDA850.jpg,148005
148003,148,30,8,29,232,,USD,seeded_user,2022-08-22T15:43:33+00:00,seeded_user,2022-08-22T15:43:33+00:00,1,Alpha Logic Wired Optical Mouse,30,1,RWD005001,images/AlphaLogicMouse01.jpg,148003
149005,149,3,9,99,891,2022-05-26,USD,seeded_user,2022-08-22T15:43:33+00:00,seeded_user,2022-08-22T15:43:33+00:00,1,Orion Fitness Wearable Gen3,3,1,RWD000103,images/OrionAdvance.png,149005
149004,149,26,1,800,800,2022-05-28,USD,seeded_user,2022-08-22T15:43:33+00:00,seeded_user,2022-08-22T15:43:33+00:00,1,Fuzzy Gaming Laptop,26,1,RWD003002,images/FuzzyLaptop01.jpg,149004
149003,149,13,3,249,747,2022-05-26,USD,seeded_user,2022-08-22T15:43:33+00:00,seeded_user,2022-08-22T15:43:33+00:00,1,"Silicon Smart Active Smartwatch, Blue",13,1,RWD000402,images/SmartBlue05.png,149003
149001,149,20,6,249,1494,2022-05-25,USD,seeded_user,2022-08-22T15:43:33+00:00,seeded_user,2022-08-22T15:43:33+00:00,1,AV Noise Cancelling Sport Headphones,20,1,RWD001002,images/HeadphoneRDA850.jpg,149001
149002,149,20,2,249,498,2022-05-29,USD,seeded_user,2022-08-22T15:43:33+00:00,seeded_user,2022-08-22T15:43:33+00:00,1,AV Noise Cancelling Sport Headphones,20,1,RWD001002,images/HeadphoneRDA850.jpg,14900
150002,150,10,5,199,995,2022-05-30,USD,seeded_user,2022-08-22T15:43:33+00:00,seeded_user,2022-08-22T15:43:33+00:00,1,"Platino Platinum Wearable, Pink",10,1,RWD000303,images/PlatinoPinkAngle.png,150002
150003,150,19,7,199,1393,2022-05-31,USD,seeded_user,2022-08-22T15:43:33+00:00,seeded_user,2022-08-22T15:43:33+00:00,1,AV Noise Cancelling Headphones,19,1,RWD001001,images/HeadphoneRDA800.jpg,150003
150004,150,19,6,199,1194,2022-05-31,USD,seeded_user,2022-08-22T15:43:33+00:00,seeded_user,2022-08-22T15:43:33+00:00,1,AV Noise Cancelling Headphones,19,1,RWD001001,images/HeadphoneRDA800.jpg,150004
150001,150,36,4,200,800,2022-05-28,USD,seeded_user,2022-08-22T15:43:33+00:00,seeded_user,2022-08-22T15:43:33+00:00,1,Quantum LaserJet Printer,36,1,RWD007001,images/QuantumPrinter01.jpg,150001
150005,150,18,4,325,1300,2022-05-28,USD,seeded_user,2022-08-22T15:43:33+00:00,seeded_user,2022-08-22T15:43:33+00:00,1,Orion Multi-Active Smartwatch,18,1,RWD000503,images/SmartWatch08.jpg,150005
151005,151,11,4,199,796,2022-06-08,USD,seeded_user,2022-08-22T15:43:33+00:00,seeded_user,2022-08-22T15:43:33+00:00,1,"Platino Platinum Wearable, White",11,1,RWD000304,images/PlatinoWhiteAngle.png,151005
151001,151,15,4,249,996,2022-06-06,USD,seeded_user,2022-08-22T15:43:33+00:00,seeded_user,2022-08-22T15:43:33+00:00,1,"Silicon Smart Active Smartwatch, White",15,1,RWD000404,images/SmartWhite05.png,151001
151002,151,22,3,499,1497,2022-06-07,USD,seeded_user,2022-08-22T15:43:33+00:00,seeded_user,2022-08-22T15:43:33+00:00,1,Quantum Graphite Tablet,22,1,RWD002001,images/QuantumTablet01.jpg,151002
151003,151,20,2,249,498,2022-06-06,USD,seeded_user,2022-08-22T15:43:33+00:00,seeded_user,2022-08-22T15:43:33+00:00,1,AV Noise Cancelling Sport Headphones,20,1,RWD001002,images/HeadphoneRDA850.jpg,151003
151004,151,30,3,29,87,2022-06-06,USD,seeded_user,2022-08-22T15:43:33+00:00,seeded_user,2022-08-22T15:43:33+00:00,1,Alpha Logic Wired Optical Mouse,30,1,RWD005001,images/AlphaLogicMouse01.jpg,151004
152003,152,21,1,299,299,2022-06-09,USD,seeded_user,2022-08-22T15:43:33+00:00,seeded_user,2022-08-22T15:43:33+00:00,1,AV Noise Cancelling Pro Headphones,21,1,RWD001003,images/HeadphoneRDA900.jpg,152003
152002,152,26,8,800,6400,2022-06-12,USD,seeded_user,2022-08-22T15:43:33+00:00,seeded_user,2022-08-22T15:43:33+00:00,1,Fuzzy Gaming Laptop,26,1,RWD003002,images/FuzzyLaptop01.jpg,152002
152001,152,33,1,125,125,2022-06-09,USD,seeded_user,2022-08-22T15:43:33+00:00,seeded_user,2022-08-22T15:43:33+00:00,1,Quantum External SSD 1T,33,1,RWD006001,images/QuantumSSD01.jpg,152001
152004,152,1,2,65,130,2022-06-11,USD,seeded_user,2022-08-22T15:43:33+00:00,seeded_user,2022-08-22T15:43:33+00:00,1,Orion Fitness Wearable Gen1,1,1,RWD000101,images/OrionBasic.png,152004
153003,153,24,9,699,6291,2022-06-11,USD,seeded_user,2022-08-22T15:43:33+00:00,seeded_user,2022-08-22T15:43:33+00:00,1,Green Gate Lite Tablet,24,1,RWD002003,images/GreenGateTablet01.jpg,153003
153001,153,36,9,200,1800,2022-06-14,USD,seeded_user,2022-08-22T15:43:33+00:00,seeded_user,2022-08-22T15:43:33+00:00,1,Quantum LaserJet Printer,36,1,RWD007001,images/QuantumPrinter01.jpg,153001
153002,153,13,1,249,249,2022-06-11,USD,seeded_user,2022-08-22T15:43:33+00:00,seeded_user,2022-08-22T15:43:33+00:00,1,"Silicon Smart Active Smartwatch, Blue",13,1,RWD000402,images/SmartBlue05.png,153002
154001,154,25,1,599,599,2022-06-19,USD,seeded_user,2022-08-22T15:43:33+00:00,seeded_user,2022-08-22T15:43:33+00:00,1,Quantum Home Office Laptop,25,1,RWD003001,images/QuantumLaptop01.jpg,154001
154003,154,12,2,249,498,2022-06-15,USD,seeded_user,2022-08-22T15:43:33+00:00,seeded_user,2022-08-22T15:43:33+00:00,1,"Silicon Smart Active Smartwatch, Black",12,1,RWD000401,images/SmartBlack05.png,154003
154002,154,30,9,29,261,2022-06-17,USD,seeded_user,2022-08-22T15:43:33+00:00,seeded_user,2022-08-22T15:43:33+00:00,1,Alpha Logic Wired Optical Mouse,30,1,RWD005001,images/AlphaLogicMouse01.jpg,154002
155001,155,14,8,249,1992,2022-06-25,USD,seeded_user,2022-08-22T15:43:33+00:00,seeded_user,2022-08-22T15:43:33+00:00,1,"Silicon Smart Active Smartwatch, Pink",14,1,RWD000403,images/SmartPink05.png,155001
155002,155,22,3,499,1497,2022-06-26,USD,seeded_user,2022-08-22T15:43:33+00:00,seeded_user,2022-08-22T15:43:33+00:00,1,Quantum Graphite Tablet,22,1,RWD002001,images/QuantumTablet01.jpg,155002
155004,155,8,7,199,1393,2022-06-24,USD,seeded_user,2022-08-22T15:43:33+00:00,seeded_user,2022-08-22T15:43:33+00:00,1,"Platino Platinum Wearable, Black",8,1,RWD000301,images/PlatinoBlackAngle.png,155004
155003,155,20,6,249,1494,2022-06-24,USD,seeded_user,2022-08-22T15:43:33+00:00,seeded_user,2022-08-22T15:43:33+00:00,1,AV Noise Cancelling Sport Headphones,20,1,RWD001002,images/HeadphoneRDA850.jpg,155003
156003,156,35,8,215,1720,2022-07-06,USD,seeded_user,2022-08-22T15:43:33+00:00,seeded_user,2022-08-22T15:43:33+00:00,1,Fastrack External SSD 2T,35,1,RWD006003,images/AlphaLogicSSD01.jpg,156003
156004,156,35,7,215,1505,2022-07-06,USD,seeded_user,2022-08-22T15:43:33+00:00,seeded_user,2022-08-22T15:43:33+00:00,1,Fastrack External SSD 2T,35,1,RWD006003,images/AlphaLogicSSD01.jpg,156004
156002,156,18,7,325,2275,2022-07-03,USD,seeded_user,2022-08-22T15:43:33+00:00,seeded_user,2022-08-22T15:43:33+00:00,1,Orion Multi-Active Smartwatch,18,1,RWD000503,images/SmartWatch08.jpg,156002
156001,156,20,5,249,1245,2022-07-06,USD,seeded_user,2022-08-22T15:43:33+00:00,seeded_user,2022-08-22T15:43:33+00:00,1,AV Noise Cancelling Sport Headphones,20,1,RWD001002,images/HeadphoneRDA850.jpg,156001
157001,157,25,5,599,2995,2022-07-10,USD,seeded_user,2022-08-22T15:43:33+00:00,seeded_user,2022-08-22T15:43:33+00:00,1,Quantum Home Office Laptop,25,1,RWD003001,images/QuantumLaptop01.jpg,157001
157003,157,32,4,19,76,2022-07-06,USD,seeded_user,2022-08-22T15:43:33+00:00,seeded_user,2022-08-22T15:43:33+00:00,1,Fastrack Blue Wireless Optical Mouse,32,1,RWD005003,images/FastrackMouse01.jpg,157003
157002,157,20,9,249,2241,2022-07-08,USD,seeded_user,2022-08-22T15:43:33+00:00,seeded_user,2022-08-22T15:43:33+00:00,1,AV Noise Cancelling Sport Headphones,20,1,RWD001002,images/HeadphoneRDA850.jpg,157002
158004,158,19,6,199,1194,2022-07-13,USD,seeded_user,2022-08-22T15:43:33+00:00,seeded_user,2022-08-22T15:43:33+00:00,1,AV Noise Cancelling Headphones,19,1,RWD001001,images/HeadphoneRDA800.jpg,158004
158003,158,29,3,79,237,2022-07-13,USD,seeded_user,2022-08-22T15:43:33+00:00,seeded_user,2022-08-22T15:43:33+00:00,1,Fastrack Wired Keyboard,29,1,RWD004002,images/FastrackKeyboard01.jpg,158003
158001,158,18,7,325,2275,2022-07-15,USD,seeded_user,2022-08-22T15:43:33+00:00,seeded_user,2022-08-22T15:43:33+00:00,1,Orion Multi-Active Smartwatch,18,1,RWD000503,images/SmartWatch08.jpg,158001
158002,158,27,3,1049,3147,2022-07-17,USD,seeded_user,2022-08-22T15:43:33+00:00,seeded_user,2022-08-22T15:43:33+00:00,1,Green Gate Business Laptop,27,1,RWD003003,images/GreenGateLaptop01.jpg,158002
159002,159,2,2,85,170,2022-07-19,USD,seeded_user,2022-08-22T15:43:33+00:00,seeded_user,2022-08-22T15:43:33+00:00,1,Orion Fitness Wearable Gen2,2,1,RWD000102,images/OrionIntermediate.png,159002
159001,159,31,9,49,441,2022-07-20,USD,seeded_user,2022-08-22T15:43:33+00:00,seeded_user,2022-08-22T15:43:33+00:00,1,Alpha Logic Wireless Optical Ergo Mouse,31,1,RWD005002,images/AlphaLogicMouse02.jpg,159001
159004,159,22,9,499,4491,2022-07-19,USD,seeded_user,2022-08-22T15:43:33+00:00,seeded_user,2022-08-22T15:43:33+00:00,1,Quantum Graphite Tablet,22,1,RWD002001,images/QuantumTablet01.jpg,159004
159005,159,22,2,499,998,2022-07-17,USD,seeded_user,2022-08-22T15:43:33+00:00,seeded_user,2022-08-22T15:43:33+00:00,1,Quantum Graphite Tablet,22,1,RWD002001,images/QuantumTablet01.jpg,159005
159003,159,17,6,225,1350,2022-07-19,USD,seeded_user,2022-08-22T15:43:33+00:00,seeded_user,2022-08-22T15:43:33+00:00,1,Orion Business Smartwatch,17,1,RWD000502,images/SmartWatch07.jpg,159003
160004,160,10,5,199,995,2022-07-23,USD,seeded_user,2022-08-22T15:43:33+00:00,seeded_user,2022-08-22T15:43:33+00:00,1,"Platino Platinum Wearable, Pink",10,1,RWD000303,images/PlatinoPinkAngle.png,160004
160001,160,16,7,125,875,2022-07-21,USD,seeded_user,2022-08-22T15:43:33+00:00,seeded_user,2022-08-22T15:43:33+00:00,1,Orion Trendy Smartwatch,16,1,RWD000501,images/SmartWatch06.jpg,160001
160002,160,16,7,125,875,2022-07-20,USD,seeded_user,2022-08-22T15:43:33+00:00,seeded_user,2022-08-22T15:43:33+00:00,1,Orion Trendy Smartwatch,16,1,RWD000501,images/SmartWatch06.jpg,160002
160003,160,22,8,499,3992,2022-07-24,USD,seeded_user,2022-08-22T15:43:33+00:00,seeded_user,2022-08-22T15:43:33+00:00,1,Quantum Graphite Tablet,22,1,RWD002001,images/QuantumTablet01.jpg,160003
160005,160,32,5,19,95,2022-07-23,USD,seeded_user,2022-08-22T15:43:33+00:00,seeded_user,2022-08-22T15:43:33+00:00,1,Fastrack Blue Wireless Optical Mouse,32,1,RWD005003,images/FastrackMouse01.jpg,160005
161003,161,14,4,249,996,2022-08-02,USD,seeded_user,2022-08-22T15:43:33+00:00,seeded_user,2022-08-22T15:43:33+00:00,1,"Silicon Smart Active Smartwatch, Pink",14,1,RWD000403,images/SmartPink05.png,161003
161001,161,25,4,599,2396,2022-07-30,USD,seeded_user,2022-08-22T15:43:33+00:00,seeded_user,2022-08-22T15:43:33+00:00,1,Quantum Home Office Laptop,25,1,RWD003001,images/QuantumLaptop01.jpg,161001
161002,161,35,8,215,1720,2022-08-03,USD,seeded_user,2022-08-22T15:43:33+00:00,seeded_user,2022-08-22T15:43:33+00:00,1,Fastrack External SSD 2T,35,1,RWD006003,images/AlphaLogicSSD01.jpg,161002
161004,161,20,9,249,2241,2022-08-03,USD,seeded_user,2022-08-22T15:43:33+00:00,seeded_user,2022-08-22T15:43:33+00:00,1,AV Noise Cancelling Sport Headphones,20,1,RWD001002,images/HeadphoneRDA850.jpg,161004
162005,162,3,8,99,792,2022-08-07,USD,seeded_user,2022-08-22T15:43:33+00:00,seeded_user,2022-08-22T15:43:33+00:00,1,Orion Fitness Wearable Gen3,3,1,RWD000103,images/OrionAdvance.png,162005
162004,162,16,9,125,1125,2022-08-09,USD,seeded_user,2022-08-22T15:43:33+00:00,seeded_user,2022-08-22T15:43:33+00:00,1,Orion Trendy Smartwatch,16,1,RWD000501,images/SmartWatch06.jpg,162004
162002,162,23,5,549,2745,2022-08-09,USD,seeded_user,2022-08-22T15:43:33+00:00,seeded_user,2022-08-22T15:43:33+00:00,1,Fuzzy Slimline Tablet,23,1,RWD002002,images/FuzzyTablet01.jpg,162002
162003,162,33,6,125,750,2022-08-08,USD,seeded_user,2022-08-22T15:43:33+00:00,seeded_user,2022-08-22T15:43:33+00:00,1,Quantum External SSD 1T,33,1,RWD006001,images/QuantumSSD01.jpg,162003
162001,162,20,4,249,996,2022-08-08,USD,seeded_user,2022-08-22T15:43:33+00:00,seeded_user,2022-08-22T15:43:33+00:00,1,AV Noise Cancelling Sport Headphones,20,1,RWD001002,images/HeadphoneRDA850.jpg,162001
163002,163,26,9,800,7200,,USD,seeded_user,2022-08-22T15:43:33+00:00,seeded_user,2022-08-22T15:43:33+00:00,1,Fuzzy Gaming Laptop,26,1,RWD003002,images/FuzzyLaptop01.jpg,163002
163001,163,17,5,225,1125,,USD,seeded_user,2022-08-22T15:43:33+00:00,seeded_user,2022-08-22T15:43:33+00:00,1,Orion Business Smartwatch,17,1,RWD000502,images/SmartWatch07.jpg,163001
163003,163,20,3,249,747,,USD,seeded_user,2022-08-22T15:43:33+00:00,seeded_user,2022-08-22T15:43:33+00:00,1,AV Noise Cancelling Sport Headphones,20,1,RWD001002,images/HeadphoneRDA850.jpg,163003
163004,163,20,2,249,498,,USD,seeded_user,2022-08-22T15:43:33+00:00,seeded_user,2022-08-22T15:43:33+00:00,1,AV Noise Cancelling Sport Headphones,20,1,RWD001002,images/HeadphoneRDA850.jpg,163004
164003,164,14,1,249,249,,USD,seeded_user,2022-08-22T15:43:33+00:00,seeded_user,2022-08-22T15:43:33+00:00,1,"Silicon Smart Active Smartwatch, Pink",14,1,RWD000403,images/SmartPink05.png,164003
164001,164,21,9,299,2691,,USD,seeded_user,2022-08-22T15:43:33+00:00,seeded_user,2022-08-22T15:43:33+00:00,1,AV Noise Cancelling Pro Headphones,21,1,RWD001003,images/HeadphoneRDA900.jpg,164001
164002,164,23,9,549,4941,,USD,seeded_user,2022-08-22T15:43:33+00:00,seeded_user,2022-08-22T15:43:33+00:00,1,Fuzzy Slimline Tablet,23,1,RWD002002,images/FuzzyTablet01.jpg,164002
165001,165,21,5,299,1495,,USD,seeded_user,2022-08-22T15:43:33+00:00,seeded_user,2022-08-22T15:43:33+00:00,1,AV Noise Cancelling Pro Headphones,21,1,RWD001003,images/HeadphoneRDA900.jpg,165001
165002,165,21,9,299,2691,,USD,seeded_user,2022-08-22T15:43:33+00:00,seeded_user,2022-08-22T15:43:33+00:00,1,AV Noise Cancelling Pro Headphones,21,1,RWD001003,images/HeadphoneRDA900.jpg,165002
165003,165,26,8,800,6400,,USD,seeded_user,2022-08-22T15:43:33+00:00,seeded_user,2022-08-22T15:43:33+00:00,1,Fuzzy Gaming Laptop,26,1,RWD003002,images/FuzzyLaptop01.jpg,165003
165005,165,13,5,249,1245,,USD,seeded_user,2022-08-22T15:43:33+00:00,seeded_user,2022-08-22T15:43:33+00:00,1,"Silicon Smart Active Smartwatch, Blue",13,1,RWD000402,images/SmartBlue05.png,165005
165004,165,30,6,29,174,,USD,seeded_user,2022-08-22T15:43:33+00:00,seeded_user,2022-08-22T15:43:33+00:00,1,Alpha Logic Wired Optical Mouse,30,1,RWD005001,images/AlphaLogicMouse01.jpg,165004
166001,166,16,9,125,1125,,USD,seeded_user,2022-08-22T15:43:33+00:00,seeded_user,2022-08-22T15:43:33+00:00,1,Orion Trendy Smartwatch,16,1,RWD000501,images/SmartWatch06.jpg,166001
166003,166,19,4,199,796,,USD,seeded_user,2022-08-22T15:43:33+00:00,seeded_user,2022-08-22T15:43:33+00:00,1,AV Noise Cancelling Headphones,19,1,RWD001001,images/HeadphoneRDA800.jpg,166003
166002,166,33,2,125,250,,USD,seeded_user,2022-08-22T15:43:33+00:00,seeded_user,2022-08-22T15:43:33+00:00,1,Quantum External SSD 1T,33,1,RWD006001,images/QuantumSSD01.jpg,166002
167002,167,3,3,99,297,2022-05-26,USD,seeded_user,2022-08-22T15:43:33+00:00,seeded_user,2022-08-22T15:43:33+00:00,1,Orion Fitness Wearable Gen3,3,1,RWD000103,images/OrionAdvance.png,167002
167004,167,14,3,249,747,2022-05-25,USD,seeded_user,2022-08-22T15:43:33+00:00,seeded_user,2022-08-22T15:43:33+00:00,1,"Silicon Smart Active Smartwatch, Pink",14,1,RWD000403,images/SmartPink05.png,167004
167003,167,21,8,299,2392,2022-05-23,USD,seeded_user,2022-08-22T15:43:33+00:00,seeded_user,2022-08-22T15:43:33+00:00,1,AV Noise Cancelling Pro Headphones,21,1,RWD001003,images/HeadphoneRDA900.jpg,167003
167001,167,37,8,145,1160,2022-05-25,USD,seeded_user,2022-08-22T15:43:33+00:00,seeded_user,2022-08-22T15:43:33+00:00,1,Fastrack LaserJet Printer,37,1,RWD007002,images/FastrackPrinter01.jpg,167001
168001,168,21,6,299,1794,2022-05-26,USD,seeded_user,2022-08-22T15:43:33+00:00,seeded_user,2022-08-22T15:43:33+00:00,1,AV Noise Cancelling Pro Headphones,21,1,RWD001003,images/HeadphoneRDA900.jpg,168001
168002,168,24,6,699,4194,2022-05-30,USD,seeded_user,2022-08-22T15:43:33+00:00,seeded_user,2022-08-22T15:43:33+00:00,1,Green Gate Lite Tablet,24,1,RWD002003,images/GreenGateTablet01.jpg,168002
168004,168,32,1,19,19,2022-05-27,USD,seeded_user,2022-08-22T15:43:33+00:00,seeded_user,2022-08-22T15:43:33+00:00,1,Fastrack Blue Wireless Optical Mouse,32,1,RWD005003,images/FastrackMouse01.jpg,168004
168003,168,17,4,225,900,2022-05-28,USD,seeded_user,2022-08-22T15:43:33+00:00,seeded_user,2022-08-22T15:43:33+00:00,1,Orion Business Smartwatch,17,1,RWD000502,images/SmartWatch07.jpg,168003
169003,169,14,1,249,249,2022-05-30,USD,seeded_user,2022-08-22T15:43:33+00:00,seeded_user,2022-08-22T15:43:33+00:00,1,"Silicon Smart Active Smartwatch, Pink",14,1,RWD000403,images/SmartPink05.png,169003
169002,169,21,3,299,897,2022-06-03,USD,seeded_user,2022-08-22T15:43:33+00:00,seeded_user,2022-08-22T15:43:33+00:00,1,AV Noise Cancelling Pro Headphones,21,1,RWD001003,images/HeadphoneRDA900.jpg,169002
169001,169,24,5,699,3495,2022-05-31,USD,seeded_user,2022-08-22T15:43:33+00:00,seeded_user,2022-08-22T15:43:33+00:00,1,Green Gate Lite Tablet,24,1,RWD002003,images/GreenGateTablet01.jpg,169001
169004,169,29,2,79,158,2022-06-01,USD,seeded_user,2022-08-22T15:43:33+00:00,seeded_user,2022-08-22T15:43:33+00:00,1,Fastrack Wired Keyboard,29,1,RWD004002,images/FastrackKeyboard01.jpg,169004
170002,170,21,7,299,2093,2022-06-08,USD,seeded_user,2022-08-22T15:43:33+00:00,seeded_user,2022-08-22T15:43:33+00:00,1,AV Noise Cancelling Pro Headphones,21,1,RWD001003,images/HeadphoneRDA900.jpg,170002
170001,170,31,3,49,147,2022-06-10,USD,seeded_user,2022-08-22T15:43:33+00:00,seeded_user,2022-08-22T15:43:33+00:00,1,Alpha Logic Wireless Optical Ergo Mouse,31,1,RWD005002,images/AlphaLogicMouse02.jpg,170001
170005,170,4,3,149,447,2022-06-10,USD,seeded_user,2022-08-22T15:43:33+00:00,seeded_user,2022-08-22T15:43:33+00:00,1,"Oro Gold Wearable, Black",4,1,RWD000201,images/OroBlackAngle.png,170005
170004,170,23,9,549,4941,2022-06-08,USD,seeded_user,2022-08-22T15:43:33+00:00,seeded_user,2022-08-22T15:43:33+00:00,1,Fuzzy Slimline Tablet,23,1,RWD002002,images/FuzzyTablet01.jpg,170004
170003,170,13,2,249,498,2022-06-08,USD,seeded_user,2022-08-22T15:43:33+00:00,seeded_user,2022-08-22T15:43:33+00:00,1,"Silicon Smart Active Smartwatch, Blue",13,1,RWD000402,images/SmartBlue05.png,170003
171003,171,25,6,599,3594,2022-06-11,USD,seeded_user,2022-08-22T15:43:33+00:00,seeded_user,2022-08-22T15:43:33+00:00,1,Quantum Home Office Laptop,25,1,RWD003001,images/QuantumLaptop01.jpg,171003
171004,171,25,9,599,5391,2022-06-10,USD,seeded_user,2022-08-22T15:43:33+00:00,seeded_user,2022-08-22T15:43:33+00:00,1,Quantum Home Office Laptop,25,1,RWD003001,images/QuantumLaptop01.jpg,171004
171001,171,29,8,79,632,2022-06-12,USD,seeded_user,2022-08-22T15:43:33+00:00,seeded_user,2022-08-22T15:43:33+00:00,1,Fastrack Wired Keyboard,29,1,RWD004002,images/FastrackKeyboard01.jpg,171001
171002,171,18,8,325,2600,2022-06-11,USD,seeded_user,2022-08-22T15:43:33+00:00,seeded_user,2022-08-22T15:43:33+00:00,1,Orion Multi-Active Smartwatch,18,1,RWD000503,images/SmartWatch08.jpg,171002
172002,172,19,4,199,796,2022-06-17,USD,seeded_user,2022-08-22T15:43:33+00:00,seeded_user,2022-08-22T15:43:33+00:00,1,AV Noise Cancelling Headphones,19,1,RWD001001,images/HeadphoneRDA800.jpg,172002
172003,172,25,6,599,3594,2022-06-18,USD,seeded_user,2022-08-22T15:43:33+00:00,seeded_user,2022-08-22T15:43:33+00:00,1,Quantum Home Office Laptop,25,1,RWD003001,images/QuantumLaptop01.jpg,172003
172001,172,8,2,199,398,2022-06-18,USD,seeded_user,2022-08-22T15:43:33+00:00,seeded_user,2022-08-22T15:43:33+00:00,1,"Platino Platinum Wearable, Black",8,1,RWD000301,images/PlatinoBlackAngle.png,172001
173004,173,15,3,249,747,2022-06-21,USD,seeded_user,2022-08-22T15:43:33+00:00,seeded_user,2022-08-22T15:43:33+00:00,1,"Silicon Smart Active Smartwatch, White",15,1,RWD000404,images/SmartWhite05.png,173004
173003,173,19,9,199,1791,2022-06-20,USD,seeded_user,2022-08-22T15:43:33+00:00,seeded_user,2022-08-22T15:43:33+00:00,1,AV Noise Cancelling Headphones,19,1,RWD001001,images/HeadphoneRDA800.jpg,173003
173001,173,25,3,599,1797,2022-06-24,USD,seeded_user,2022-08-22T15:43:33+00:00,seeded_user,2022-08-22T15:43:33+00:00,1,Quantum Home Office Laptop,25,1,RWD003001,images/QuantumLaptop01.jpg,173001
173002,173,4,6,149,894,2022-06-24,USD,seeded_user,2022-08-22T15:43:33+00:00,seeded_user,2022-08-22T15:43:33+00:00,1,"Oro Gold Wearable, Black",4,1,RWD000201,images/OroBlackAngle.png,173002
174001,174,19,4,199,796,2022-07-04,USD,seeded_user,2022-08-22T15:43:33+00:00,seeded_user,2022-08-22T15:43:33+00:00,1,AV Noise Cancelling Headphones,19,1,RWD001001,images/HeadphoneRDA800.jpg,174001
174003,174,24,7,699,4893,2022-07-01,USD,seeded_user,2022-08-22T15:43:33+00:00,seeded_user,2022-08-22T15:43:33+00:00,1,Green Gate Lite Tablet,24,1,RWD002003,images/GreenGateTablet01.jpg,174003
174004,174,12,7,249,1743,2022-07-04,USD,seeded_user,2022-08-22T15:43:33+00:00,seeded_user,2022-08-22T15:43:33+00:00,1,"Silicon Smart Active Smartwatch, Black",12,1,RWD000401,images/SmartBlack05.png,174004
174005,174,12,2,249,498,2022-07-02,USD,seeded_user,2022-08-22T15:43:33+00:00,seeded_user,2022-08-22T15:43:33+00:00,1,"Silicon Smart Active Smartwatch, Black",12,1,RWD000401,images/SmartBlack05.png,174005
174002,174,33,3,125,375,2022-07-02,USD,seeded_user,2022-08-22T15:43:33+00:00,seeded_user,2022-08-22T15:43:33+00:00,1,Quantum External SSD 1T,33,1,RWD006001,images/QuantumSSD01.jpg,174002
175002,175,22,6,499,2994,2022-07-08,USD,seeded_user,2022-08-22T15:43:33+00:00,seeded_user,2022-08-22T15:43:33+00:00,1,Quantum Graphite Tablet,22,1,RWD002001,images/QuantumTablet01.jpg,175002
175003,175,22,1,499,499,2022-07-06,USD,seeded_user,2022-08-22T15:43:33+00:00,seeded_user,2022-08-22T15:43:33+00:00,1,Quantum Graphite Tablet,22,1,RWD002001,images/QuantumTablet01.jpg,175003
175001,175,13,7,249,1743,2022-07-05,USD,seeded_user,2022-08-22T15:43:33+00:00,seeded_user,2022-08-22T15:43:33+00:00,1,"Silicon Smart Active Smartwatch, Blue",13,1,RWD000402,images/SmartBlue05.png,175001
176001,176,10,7,199,1393,2022-07-14,USD,seeded_user,2022-08-22T15:43:33+00:00,seeded_user,2022-08-22T15:43:33+00:00,1,"Platino Platinum Wearable, Pink",10,1,RWD000303,images/PlatinoPinkAngle.png,176001
176005,176,14,7,249,1743,2022-07-12,USD,seeded_user,2022-08-22T15:43:33+00:00,seeded_user,2022-08-22T15:43:33+00:00,1,"Silicon Smart Active Smartwatch, Pink",14,1,RWD000403,images/SmartPink05.png,176005
176004,176,25,5,599,2995,2022-07-15,USD,seeded_user,2022-08-22T15:43:33+00:00,seeded_user,2022-08-22T15:43:33+00:00,1,Quantum Home Office Laptop,25,1,RWD003001,images/QuantumLaptop01.jpg,176004
176002,176,20,8,249,1992,2022-07-11,USD,seeded_user,2022-08-22T15:43:33+00:00,seeded_user,2022-08-22T15:43:33+00:00,1,AV Noise Cancelling Sport Headphones,20,1,RWD001002,images/HeadphoneRDA850.jpg,176002
176003,176,20,1,249,249,2022-07-11,USD,seeded_user,2022-08-22T15:43:33+00:00,seeded_user,2022-08-22T15:43:33+00:00,1,AV Noise Cancelling Sport Headphones,20,1,RWD001002,images/HeadphoneRDA850.jpg,176003
177003,177,21,7,299,2093,2022-07-22,USD,seeded_user,2022-08-22T15:43:33+00:00,seeded_user,2022-08-22T15:43:33+00:00,1,AV Noise Cancelling Pro Headphones,21,1,RWD001003,images/HeadphoneRDA900.jpg,177003
177001,177,22,6,499,2994,2022-07-18,USD,seeded_user,2022-08-22T15:43:33+00:00,seeded_user,2022-08-22T15:43:33+00:00,1,Quantum Graphite Tablet,22,1,RWD002001,images/QuantumTablet01.jpg,177001
177002,177,33,9,125,1125,2022-07-22,USD,seeded_user,2022-08-22T15:43:33+00:00,seeded_user,2022-08-22T15:43:33+00:00,1,Quantum External SSD 1T,33,1,RWD006001,images/QuantumSSD01.jpg,177002
177004,177,1,9,65,585,2022-07-22,USD,seeded_user,2022-08-22T15:43:33+00:00,seeded_user,2022-08-22T15:43:33+00:00,1,Orion Fitness Wearable Gen1,1,1,RWD000101,images/OrionBasic.png,177004
177005,177,1,9,65,585,2022-07-20,USD,seeded_user,2022-08-22T15:43:33+00:00,seeded_user,2022-08-22T15:43:33+00:00,1,Orion Fitness Wearable Gen1,1,1,RWD000101,images/OrionBasic.png,177005
178001,178,19,5,199,995,2022-07-22,USD,seeded_user,2022-08-22T15:43:33+00:00,seeded_user,2022-08-22T15:43:33+00:00,1,AV Noise Cancelling Headphones,19,1,RWD001001,images/HeadphoneRDA800.jpg,178001
178002,178,25,2,599,1198,2022-07-25,USD,seeded_user,2022-08-22T15:43:33+00:00,seeded_user,2022-08-22T15:43:33+00:00,1,Quantum Home Office Laptop,25,1,RWD003001,images/QuantumLaptop01.jpg,178002
178005,178,17,9,225,2025,2022-07-22,USD,seeded_user,2022-08-22T15:43:33+00:00,seeded_user,2022-08-22T15:43:33+00:00,1,Orion Business Smartwatch,17,1,RWD000502,images/SmartWatch07.jpg,178005
178003,178,37,7,145,1015,2022-07-23,USD,seeded_user,2022-08-22T15:43:33+00:00,seeded_user,2022-08-22T15:43:33+00:00,1,Fastrack LaserJet Printer,37,1,RWD007002,images/FastrackPrinter01.jpg,178003
178004,178,37,7,145,1015,2022-07-22,USD,seeded_user,2022-08-22T15:43:33+00:00,seeded_user,2022-08-22T15:43:33+00:00,1,Fastrack LaserJet Printer,37,1,RWD007002,images/FastrackPrinter01.jpg,178004
179003,179,19,8,199,1592,2022-07-29,USD,seeded_user,2022-08-22T15:43:33+00:00,seeded_user,2022-08-22T15:43:33+00:00,1,AV Noise Cancelling Headphones,19,1,RWD001001,images/HeadphoneRDA800.jpg,179003
179002,179,26,6,800,4800,2022-07-25,USD,seeded_user,2022-08-22T15:43:33+00:00,seeded_user,2022-08-22T15:43:33+00:00,1,Fuzzy Gaming Laptop,26,1,RWD003002,images/FuzzyLaptop01.jpg,179002
179001,179,13,3,249,747,2022-07-27,USD,seeded_user,2022-08-22T15:43:33+00:00,seeded_user,2022-08-22T15:43:33+00:00,1,"Silicon Smart Active Smartwatch, Blue",13,1,RWD000402,images/SmartBlue05.png,179001
179004,179,37,1,145,145,2022-07-29,USD,seeded_user,2022-08-22T15:43:33+00:00,seeded_user,2022-08-22T15:43:33+00:00,1,Fastrack LaserJet Printer,37,1,RWD007002,images/FastrackPrinter01.jpg,179004
180002,180,14,7,249,1743,,USD,seeded_user,2022-08-22T15:43:33+00:00,seeded_user,2022-08-22T15:43:33+00:00,1,"Silicon Smart Active Smartwatch, Pink",14,1,RWD000403,images/SmartPink05.png,180002
180001,180,19,1,199,199,,USD,seeded_user,2022-08-22T15:43:33+00:00,seeded_user,2022-08-22T15:43:33+00:00,1,AV Noise Cancelling Headphones,19,1,RWD001001,images/HeadphoneRDA800.jpg,180001
180003,180,23,4,549,2196,,USD,seeded_user,2022-08-22T15:43:33+00:00,seeded_user,2022-08-22T15:43:33+00:00,1,Fuzzy Slimline Tablet,23,1,RWD002002,images/FuzzyTablet01.jpg,180003
181001,181,2,8,85,680,,USD,seeded_user,2022-08-22T15:43:33+00:00,seeded_user,2022-08-22T15:43:33+00:00,1,Orion Fitness Wearable Gen2,2,1,RWD000102,images/OrionIntermediate.png,181001
181002,181,2,3,85,255,,USD,seeded_user,2022-08-22T15:43:33+00:00,seeded_user,2022-08-22T15:43:33+00:00,1,Orion Fitness Wearable Gen2,2,1,RWD000102,images/OrionIntermediate.png,181002
181004,181,16,4,125,500,,USD,seeded_user,2022-08-22T15:43:33+00:00,seeded_user,2022-08-22T15:43:33+00:00,1,Orion Trendy Smartwatch,16,1,RWD000501,images/SmartWatch06.jpg,181004
181003,181,21,2,299,598,,USD,seeded_user,2022-08-22T15:43:33+00:00,seeded_user,2022-08-22T15:43:33+00:00,1,AV Noise Cancelling Pro Headphones,21,1,RWD001003,images/HeadphoneRDA900.jpg,181003
182002,182,5,3,149,447,,USD,seeded_user,2022-08-22T15:43:33+00:00,seeded_user,2022-08-22T15:43:33+00:00,1,"Oro Gold Wearable, Blue",5,1,RWD000202,images/OroBlueAngle.png,182002
182003,182,14,8,249,1992,,USD,seeded_user,2022-08-22T15:43:33+00:00,seeded_user,2022-08-22T15:43:33+00:00,1,"Silicon Smart Active Smartwatch, Pink",14,1,RWD000403,images/SmartPink05.png,182003
182001,182,19,5,199,995,,USD,seeded_user,2022-08-22T15:43:33+00:00,seeded_user,2022-08-22T15:43:33+00:00,1,AV Noise Cancelling Headphones,19,1,RWD001001,images/HeadphoneRDA800.jpg,182001
182005,182,26,8,800,6400,,USD,seeded_user,2022-08-22T15:43:33+00:00,seeded_user,2022-08-22T15:43:33+00:00,1,Fuzzy Gaming Laptop,26,1,RWD003002,images/FuzzyLaptop01.jpg,182005
182004,182,35,8,215,1720,,USD,seeded_user,2022-08-22T15:43:33+00:00,seeded_user,2022-08-22T15:43:33+00:00,1,Fastrack External SSD 2T,35,1,RWD006003,images/AlphaLogicSSD01.jpg,182004
183002,183,18,7,325,2275,,USD,seeded_user,2022-08-22T15:43:33+00:00,seeded_user,2022-08-22T15:43:33+00:00,1,Orion Multi-Active Smartwatch,18,1,RWD000503,images/SmartWatch08.jpg,183002
183001,183,28,4,89,356,,USD,seeded_user,2022-08-22T15:43:33+00:00,seeded_user,2022-08-22T15:43:33+00:00,1,Alpha Logic Wired Keyboard,28,1,RWD004001,images/AlphaLogicKeyboard01.jpg,183001
183003,183,23,4,549,2196,,USD,seeded_user,2022-08-22T15:43:33+00:00,seeded_user,2022-08-22T15:43:33+00:00,1,Fuzzy Slimline Tablet,23,1,RWD002002,images/FuzzyTablet01.jpg,183003
183005,183,1,9,65,585,,USD,seeded_user,2022-08-22T15:43:33+00:00,seeded_user,2022-08-22T15:43:33+00:00,1,Orion Fitness Wearable Gen1,1,1,RWD000101,images/OrionBasic.png,183005
183004,183,20,4,249,996,,USD,seeded_user,2022-08-22T15:43:33+00:00,seeded_user,2022-08-22T15:43:33+00:00,1,AV Noise Cancelling Sport Headphones,20,1,RWD001002,images/HeadphoneRDA850.jpg,183004
184002,184,18,1,325,325,2022-05-26,USD,seeded_user,2022-08-22T15:43:33+00:00,seeded_user,2022-08-22T15:43:33+00:00,1,Orion Multi-Active Smartwatch,18,1,RWD000503,images/SmartWatch08.jpg,184002
184001,184,22,2,499,998,2022-05-24,USD,seeded_user,2022-08-22T15:43:33+00:00,seeded_user,2022-08-22T15:43:33+00:00,1,Quantum Graphite Tablet,22,1,RWD002001,images/QuantumTablet01.jpg,184001
184003,184,32,5,19,95,2022-05-28,USD,seeded_user,2022-08-22T15:43:33+00:00,seeded_user,2022-08-22T15:43:33+00:00,1,Fastrack Blue Wireless Optical Mouse,32,1,RWD005003,images/FastrackMouse01.jpg,184003
185005,185,11,5,199,995,2022-06-02,USD,seeded_user,2022-08-22T15:43:33+00:00,seeded_user,2022-08-22T15:43:33+00:00,1,"Platino Platinum Wearable, White",11,1,RWD000304,images/PlatinoWhiteAngle.png,185005
185002,185,24,1,699,699,2022-06-02,USD,seeded_user,2022-08-22T15:43:33+00:00,seeded_user,2022-08-22T15:43:33+00:00,1,Green Gate Lite Tablet,24,1,RWD002003,images/GreenGateTablet01.jpg,185002
185001,185,32,8,19,152,2022-06-02,USD,seeded_user,2022-08-22T15:43:33+00:00,seeded_user,2022-08-22T15:43:33+00:00,1,Fastrack Blue Wireless Optical Mouse,32,1,RWD005003,images/FastrackMouse01.jpg,185001
185003,185,12,4,249,996,2022-05-31,USD,seeded_user,2022-08-22T15:43:33+00:00,seeded_user,2022-08-22T15:43:33+00:00,1,"Silicon Smart Active Smartwatch, Black",12,1,RWD000401,images/SmartBlack05.png,185003
185004,185,12,7,249,1743,2022-06-02,USD,seeded_user,2022-08-22T15:43:33+00:00,seeded_user,2022-08-22T15:43:33+00:00,1,"Silicon Smart Active Smartwatch, Black",12,1,RWD000401,images/SmartBlack05.png,185004
186003,186,19,6,199,1194,2022-06-09,USD,seeded_user,2022-08-22T15:43:33+00:00,seeded_user,2022-08-22T15:43:33+00:00,1,AV Noise Cancelling Headphones,19,1,RWD001001,images/HeadphoneRDA800.jpg,186003
186001,186,26,5,800,4000,2022-06-09,USD,seeded_user,2022-08-22T15:43:33+00:00,seeded_user,2022-08-22T15:43:33+00:00,1,Fuzzy Gaming Laptop,26,1,RWD003002,images/FuzzyLaptop01.jpg,186001
186002,186,36,6,200,1200,2022-06-08,USD,seeded_user,2022-08-22T15:43:33+00:00,seeded_user,2022-08-22T15:43:33+00:00,1,Quantum LaserJet Printer,36,1,RWD007001,images/QuantumPrinter01.jpg,186002
187002,187,11,8,199,1592,2022-06-17,USD,seeded_user,2022-08-22T15:43:33+00:00,seeded_user,2022-08-22T15:43:33+00:00,1,"Platino Platinum Wearable, White",11,1,RWD000304,images/PlatinoWhiteAngle.png,187002
187003,187,26,6,800,4800,2022-06-18,USD,seeded_user,2022-08-22T15:43:33+00:00,seeded_user,2022-08-22T15:43:33+00:00,1,Fuzzy Gaming Laptop,26,1,RWD003002,images/FuzzyLaptop01.jpg,187003
187001,187,33,1,125,125,2022-06-17,USD,seeded_user,2022-08-22T15:43:33+00:00,seeded_user,2022-08-22T15:43:33+00:00,1,Quantum External SSD 1T,33,1,RWD006001,images/QuantumSSD01.jpg,187001
187004,187,13,1,249,249,2022-06-14,USD,seeded_user,2022-08-22T15:43:33+00:00,seeded_user,2022-08-22T15:43:33+00:00,1,"Silicon Smart Active Smartwatch, Blue",13,1,RWD000402,images/SmartBlue05.png,187004
188002,188,16,3,125,375,2022-06-22,USD,seeded_user,2022-08-22T15:43:33+00:00,seeded_user,2022-08-22T15:43:33+00:00,1,Orion Trendy Smartwatch,16,1,RWD000501,images/SmartWatch06.jpg,188002
188003,188,16,7,125,875,2022-06-25,USD,seeded_user,2022-08-22T15:43:33+00:00,seeded_user,2022-08-22T15:43:33+00:00,1,Orion Trendy Smartwatch,16,1,RWD000501,images/SmartWatch06.jpg,188003
188005,188,21,2,299,598,2022-06-22,USD,seeded_user,2022-08-22T15:43:33+00:00,seeded_user,2022-08-22T15:43:33+00:00,1,AV Noise Cancelling Pro Headphones,21,1,RWD001003,images/HeadphoneRDA900.jpg,188005
188001,188,24,6,699,4194,2022-06-21,USD,seeded_user,2022-08-22T15:43:33+00:00,seeded_user,2022-08-22T15:43:33+00:00,1,Green Gate Lite Tablet,24,1,RWD002003,images/GreenGateTablet01.jpg,188001
188004,188,28,5,89,445,2022-06-21,USD,seeded_user,2022-08-22T15:43:33+00:00,seeded_user,2022-08-22T15:43:33+00:00,1,Alpha Logic Wired Keyboard,28,1,RWD004001,images/AlphaLogicKeyboard01.jpg,188004
189002,189,34,5,145,725,2022-07-02,USD,seeded_user,2022-08-22T15:43:33+00:00,seeded_user,2022-08-22T15:43:33+00:00,1,Rock Solid External SSD 1T,34,1,RWD006002,images/RockSolidSSD01.jpg,189002
189001,189,18,8,325,2600,2022-06-28,USD,seeded_user,2022-08-22T15:43:33+00:00,seeded_user,2022-08-22T15:43:33+00:00,1,Orion Multi-Active Smartwatch,18,1,RWD000503,images/SmartWatch08.jpg,189001
189004,189,8,3,199,597,2022-06-29,USD,seeded_user,2022-08-22T15:43:33+00:00,seeded_user,2022-08-22T15:43:33+00:00,1,"Platino Platinum Wearable, Black",8,1,RWD000301,images/PlatinoBlackAngle.png,189004
189005,189,8,8,199,1592,2022-07-02,USD,seeded_user,2022-08-22T15:43:33+00:00,seeded_user,2022-08-22T15:43:33+00:00,1,"Platino Platinum Wearable, Black",8,1,RWD000301,images/PlatinoBlackAngle.png,189005
189003,189,23,1,549,549,2022-07-02,USD,seeded_user,2022-08-22T15:43:33+00:00,seeded_user,2022-08-22T15:43:33+00:00,1,Fuzzy Slimline Tablet,23,1,RWD002002,images/FuzzyTablet01.jpg,189003
190003,190,36,3,200,600,2022-07-09,USD,seeded_user,2022-08-22T15:43:33+00:00,seeded_user,2022-08-22T15:43:33+00:00,1,Quantum LaserJet Printer,36,1,RWD007001,images/QuantumPrinter01.jpg,190003
190001,190,23,1,549,549,2022-07-08,USD,seeded_user,2022-08-22T15:43:33+00:00,seeded_user,2022-08-22T15:43:33+00:00,1,Fuzzy Slimline Tablet,23,1,RWD002002,images/FuzzyTablet01.jpg,190001
190002,190,20,6,249,1494,2022-07-08,USD,seeded_user,2022-08-22T15:43:33+00:00,seeded_user,2022-08-22T15:43:33+00:00,1,AV Noise Cancelling Sport Headphones,20,1,RWD001002,images/HeadphoneRDA850.jpg,190002
191002,191,21,6,299,1794,2022-07-13,USD,seeded_user,2022-08-22T15:43:33+00:00,seeded_user,2022-08-22T15:43:33+00:00,1,AV Noise Cancelling Pro Headphones,21,1,RWD001003,images/HeadphoneRDA900.jpg,191002
191004,191,26,3,800,2400,2022-07-16,USD,seeded_user,2022-08-22T15:43:33+00:00,seeded_user,2022-08-22T15:43:33+00:00,1,Fuzzy Gaming Laptop,26,1,RWD003002,images/FuzzyLaptop01.jpg,191004
191003,191,35,8,215,1720,2022-07-15,USD,seeded_user,2022-08-22T15:43:33+00:00,seeded_user,2022-08-22T15:43:33+00:00,1,Fastrack External SSD 2T,35,1,RWD006003,images/AlphaLogicSSD01.jpg,191003
191001,191,13,1,249,249,2022-07-13,USD,seeded_user,2022-08-22T15:43:33+00:00,seeded_user,2022-08-22T15:43:33+00:00,1,"Silicon Smart Active Smartwatch, Blue",13,1,RWD000402,images/SmartBlue05.png,191001
192003,192,2,6,85,510,2022-07-22,USD,seeded_user,2022-08-22T15:43:33+00:00,seeded_user,2022-08-22T15:43:33+00:00,1,Orion Fitness Wearable Gen2,2,1,RWD000102,images/OrionIntermediate.png,192003
192002,192,26,2,800,1600,2022-07-21,USD,seeded_user,2022-08-22T15:43:33+00:00,seeded_user,2022-08-22T15:43:33+00:00,1,Fuzzy Gaming Laptop,26,1,RWD003002,images/FuzzyLaptop01.jpg,192002
192004,192,29,4,79,316,2022-07-23,USD,seeded_user,2022-08-22T15:43:33+00:00,seeded_user,2022-08-22T15:43:33+00:00,1,Fastrack Wired Keyboard,29,1,RWD004002,images/FastrackKeyboard01.jpg,192004
192001,192,18,6,325,1950,2022-07-23,USD,seeded_user,2022-08-22T15:43:33+00:00,seeded_user,2022-08-22T15:43:33+00:00,1,Orion Multi-Active Smartwatch,18,1,RWD000503,images/SmartWatch08.jpg,192001
193002,193,5,8,149,1192,2022-07-28,USD,seeded_user,2022-08-22T15:43:33+00:00,seeded_user,2022-08-22T15:43:33+00:00,1,"Oro Gold Wearable, Blue",5,1,RWD000202,images/OroBlueAngle.png,193002
193001,193,21,7,299,2093,2022-07-30,USD,seeded_user,2022-08-22T15:43:33+00:00,seeded_user,2022-08-22T15:43:33+00:00,1,AV Noise Cancelling Pro Headphones,21,1,RWD001003,images/HeadphoneRDA900.jpg,193001
193004,193,24,9,699,6291,2022-07-28,USD,seeded_user,2022-08-22T15:43:33+00:00,seeded_user,2022-08-22T15:43:33+00:00,1,Green Gate Lite Tablet,24,1,RWD002003,images/GreenGateTablet01.jpg,193004
193005,193,24,6,699,4194,2022-07-28,USD,seeded_user,2022-08-22T15:43:33+00:00,seeded_user,2022-08-22T15:43:33+00:00,1,Green Gate Lite Tablet,24,1,RWD002003,images/GreenGateTablet01.jpg,193005
193003,193,12,1,249,249,2022-07-30,USD,seeded_user,2022-08-22T15:43:33+00:00,seeded_user,2022-08-22T15:43:33+00:00,1,"Silicon Smart Active Smartwatch, Black",12,1,RWD000401,images/SmartBlack05.png,193003
194001,194,24,8,699,5592,2022-08-04,USD,seeded_user,2022-08-22T15:43:33+00:00,seeded_user,2022-08-22T15:43:33+00:00,1,Green Gate Lite Tablet,24,1,RWD002003,images/GreenGateTablet01.jpg,194001
194002,194,35,5,215,1075,2022-08-06,USD,seeded_user,2022-08-22T15:43:33+00:00,seeded_user,2022-08-22T15:43:33+00:00,1,Fastrack External SSD 2T,35,1,RWD006003,images/AlphaLogicSSD01.jpg,194002
194003,194,17,1,225,225,2022-08-05,USD,seeded_user,2022-08-22T15:43:33+00:00,seeded_user,2022-08-22T15:43:33+00:00,1,Orion Business Smartwatch,17,1,RWD000502,images/SmartWatch07.jpg,194003
194004,194,17,2,225,450,2022-08-03,USD,seeded_user,2022-08-22T15:43:33+00:00,seeded_user,2022-08-22T15:43:33+00:00,1,Orion Business Smartwatch,17,1,RWD000502,images/SmartWatch07.jpg,194004
195003,195,19,9,199,1791,2022-08-09,USD,seeded_user,2022-08-22T15:43:33+00:00,seeded_user,2022-08-22T15:43:33+00:00,1,AV Noise Cancelling Headphones,19,1,RWD001001,images/HeadphoneRDA800.jpg,195003
195002,195,32,6,19,114,2022-08-07,USD,seeded_user,2022-08-22T15:43:33+00:00,seeded_user,2022-08-22T15:43:33+00:00,1,Fastrack Blue Wireless Optical Mouse,32,1,RWD005003,images/FastrackMouse01.jpg,195002
195001,195,12,7,249,1743,2022-08-08,USD,seeded_user,2022-08-22T15:43:33+00:00,seeded_user,2022-08-22T15:43:33+00:00,1,"Silicon Smart Active Smartwatch, Black",12,1,RWD000401,images/SmartBlack05.png,195001
196001,196,15,2,249,498,,USD,seeded_user,2022-08-22T15:43:33+00:00,seeded_user,2022-08-22T15:43:33+00:00,1,"Silicon Smart Active Smartwatch, White",15,1,RWD000404,images/SmartWhite05.png,196001
196004,196,19,4,199,796,,USD,seeded_user,2022-08-22T15:43:33+00:00,seeded_user,2022-08-22T15:43:33+00:00,1,AV Noise Cancelling Headphones,19,1,RWD001001,images/HeadphoneRDA800.jpg,196004
196003,196,24,7,699,4893,,USD,seeded_user,2022-08-22T15:43:33+00:00,seeded_user,2022-08-22T15:43:33+00:00,1,Green Gate Lite Tablet,24,1,RWD002003,images/GreenGateTablet01.jpg,196003
196002,196,34,6,145,870,,USD,seeded_user,2022-08-22T15:43:33+00:00,seeded_user,2022-08-22T15:43:33+00:00,1,Rock Solid External SSD 1T,34,1,RWD006002,images/RockSolidSSD01.jpg,196002
197002,197,19,6,199,1194,,USD,seeded_user,2022-08-22T15:43:33+00:00,seeded_user,2022-08-22T15:43:33+00:00,1,AV Noise Cancelling Headphones,19,1,RWD001001,images/HeadphoneRDA800.jpg,197002
197004,197,26,7,800,5600,,USD,seeded_user,2022-08-22T15:43:33+00:00,seeded_user,2022-08-22T15:43:33+00:00,1,Fuzzy Gaming Laptop,26,1,RWD003002,images/FuzzyLaptop01.jpg,197004
197005,197,26,2,800,1600,,USD,seeded_user,2022-08-22T15:43:33+00:00,seeded_user,2022-08-22T15:43:33+00:00,1,Fuzzy Gaming Laptop,26,1,RWD003002,images/FuzzyLaptop01.jpg,197005
197003,197,34,8,145,1160,,USD,seeded_user,2022-08-22T15:43:33+00:00,seeded_user,2022-08-22T15:43:33+00:00,1,Rock Solid External SSD 1T,34,1,RWD006002,images/RockSolidSSD01.jpg,197003
197001,197,18,1,325,325,,USD,seeded_user,2022-08-22T15:43:33+00:00,seeded_user,2022-08-22T15:43:33+00:00,1,Orion Multi-Active Smartwatch,18,1,RWD000503,images/SmartWatch08.jpg,197001
198003,198,16,1,125,125,,USD,seeded_user,2022-08-22T15:43:33+00:00,seeded_user,2022-08-22T15:43:33+00:00,1,Orion Trendy Smartwatch,16,1,RWD000501,images/SmartWatch06.jpg,198003
198001,198,19,5,199,995,,USD,seeded_user,2022-08-22T15:43:33+00:00,seeded_user,2022-08-22T15:43:33+00:00,1,AV Noise Cancelling Headphones,19,1,RWD001001,images/HeadphoneRDA800.jpg,198001
198002,198,29,3,79,237,,USD,seeded_user,2022-08-22T15:43:33+00:00,seeded_user,2022-08-22T15:43:33+00:00,1,Fastrack Wired Keyboard,29,1,RWD004002,images/FastrackKeyboard01.jpg,198002
198004,198,23,5,549,2745,,USD,seeded_user,2022-08-22T15:43:33+00:00,seeded_user,2022-08-22T15:43:33+00:00,1,Fuzzy Slimline Tablet,23,1,RWD002002,images/FuzzyTablet01.jpg,198004
198005,198,23,8,549,4392,,USD,seeded_user,2022-08-22T15:43:33+00:00,seeded_user,2022-08-22T15:43:33+00:00,1,Fuzzy Slimline Tablet,23,1,RWD002002,images/FuzzyTablet01.jpg,198005
212003,212,14,2,249,498,,USD,seeded_user,2022-08-22T15:43:33+00:00,seeded_user,2022-08-22T15:43:33+00:00,1,"Silicon Smart Active Smartwatch, Pink",14,1,RWD000403,images/SmartPink05.png,212003
212001,212,19,3,199,597,,USD,seeded_user,2022-08-22T15:43:33+00:00,seeded_user,2022-08-22T15:43:33+00:00,1,AV Noise Cancelling Headphones,19,1,RWD001001,images/HeadphoneRDA800.jpg,212001
212004,212,24,2,699,1398,,USD,seeded_user,2022-08-22T15:43:33+00:00,seeded_user,2022-08-22T15:43:33+00:00,1,Green Gate Lite Tablet,24,1,RWD002003,images/GreenGateTablet01.jpg,212004
212002,212,34,1,145,145,,USD,seeded_user,2022-08-22T15:43:33+00:00,seeded_user,2022-08-22T15:43:33+00:00,1,Rock Solid External SSD 1T,34,1,RWD006002,images/RockSolidSSD01.jpg,212002
212005,212,8,1,199,199,,USD,seeded_user,2022-08-22T15:43:33+00:00,seeded_user,2022-08-22T15:43:33+00:00,1,"Platino Platinum Wearable, Black",8,1,RWD000301,images/PlatinoBlackAngle.png,212005
213001,213,11,6,199,1194,,USD,seeded_user,2022-08-22T15:43:33+00:00,seeded_user,2022-08-22T15:43:33+00:00,1,"Platino Platinum Wearable, White",11,1,RWD000304,images/PlatinoWhiteAngle.png,213001
213002,213,11,8,199,1592,,USD,seeded_user,2022-08-22T15:43:33+00:00,seeded_user,2022-08-22T15:43:33+00:00,1,"Platino Platinum Wearable, White",11,1,RWD000304,images/PlatinoWhiteAngle.png,213002
213003,213,26,5,800,4000,,USD,seeded_user,2022-08-22T15:43:33+00:00,seeded_user,2022-08-22T15:43:33+00:00,1,Fuzzy Gaming Laptop,26,1,RWD003002,images/FuzzyLaptop01.jpg,213003
213004,213,20,7,249,1743,,USD,seeded_user,2022-08-22T15:43:33+00:00,seeded_user,2022-08-22T15:43:33+00:00,1,AV Noise Cancelling Sport Headphones,20,1,RWD001002,images/HeadphoneRDA850.jpg,213004
313001,313,19,3,199,597,,USD,seeded_user,2022-08-22T15:43:33+00:00,seeded_user,2022-08-22T15:43:33+00:00,1,AV Noise Cancelling Headphones,19,1,RWD001001,images/HeadphoneRDA800.jpg,313001
313004,313,22,3,499,1497,,USD,seeded_user,2022-08-22T15:43:33+00:00,seeded_user,2022-08-22T15:43:33+00:00,1,Quantum Graphite Tablet,22,1,RWD002001,images/QuantumTablet01.jpg,313004
313002,313,38,3,355,1065,,USD,seeded_user,2022-08-22T15:43:33+00:00,seeded_user,2022-08-22T15:43:33+00:00,1,Green Gate LaserJet Printer,38,1,RWD007003,images/GreenGatePrinter01.jpg,313002
313003,313,12,8,249,1992,,USD,seeded_user,2022-08-22T15:43:33+00:00,seeded_user,2022-08-22T15:43:33+00:00,1,"Silicon Smart Active Smartwatch, Black",12,1,RWD000401,images/SmartBlack05.png,313003
314001,314,3,9,99,891,,USD,seeded_user,2022-08-22T15:43:33+00:00,seeded_user,2022-08-22T15:43:33+00:00,1,Orion Fitness Wearable Gen3,3,1,RWD000103,images/OrionAdvance.png,314001
314002,314,21,1,299,299,,USD,seeded_user,2022-08-22T15:43:33+00:00,seeded_user,2022-08-22T15:43:33+00:00,1,AV Noise Cancelling Pro Headphones,21,1,RWD001003,images/HeadphoneRDA900.jpg,314002
314003,314,29,6,79,474,,USD,seeded_user,2022-08-22T15:43:33+00:00,seeded_user,2022-08-22T15:43:33+00:00,1,Fastrack Wired Keyboard,29,1,RWD004002,images/FastrackKeyboard01.jpg,314003
315003,315,16,3,125,375,,USD,seeded_user,2022-08-22T15:43:33+00:00,seeded_user,2022-08-22T15:43:33+00:00,1,Orion Trendy Smartwatch,16,1,RWD000501,images/SmartWatch06.jpg,315003
315001,315,21,6,299,1794,,USD,seeded_user,2022-08-22T15:43:33+00:00,seeded_user,2022-08-22T15:43:33+00:00,1,AV Noise Cancelling Pro Headphones,21,1,RWD001003,images/HeadphoneRDA900.jpg,315001
315002,315,29,4,79,316,,USD,seeded_user,2022-08-22T15:43:33+00:00,seeded_user,2022-08-22T15:43:33+00:00,1,Fastrack Wired Keyboard,29,1,RWD004002,images/FastrackKeyboard01.jpg,315002
315004,315,22,4,499,1996,,USD,seeded_user,2022-08-22T15:43:33+00:00,seeded_user,2022-08-22T15:43:33+00:00,1,Quantum Graphite Tablet,22,1,RWD002001,images/QuantumTablet01.jpg,315004
330001,330,16,8,125,1000,,USD,seeded_user,2022-08-22T15:43:33+00:00,seeded_user,2022-08-22T15:43:33+00:00,1,Orion Trendy Smartwatch,16,1,RWD000501,images/SmartWatch06.jpg,330001
330003,330,25,5,599,2995,,USD,seeded_user,2022-08-22T15:43:33+00:00,seeded_user,2022-08-22T15:43:33+00:00,1,Quantum Home Office Laptop,25,1,RWD003001,images/QuantumLaptop01.jpg,330003
330002,330,35,3,215,645,,USD,seeded_user,2022-08-22T15:43:33+00:00,seeded_user,2022-08-22T15:43:33+00:00,1,Fastrack External SSD 2T,35,1,RWD006003,images/AlphaLogicSSD01.jpg,330002
331001,331,31,6,49,294,,USD,seeded_user,2022-08-22T15:43:33+00:00,seeded_user,2022-08-22T15:43:33+00:00,1,Alpha Logic Wireless Optical Ergo Mouse,31,1,RWD005002,images/AlphaLogicMouse02.jpg,331001
331002,331,31,9,49,441,,USD,seeded_user,2022-08-22T15:43:33+00:00,seeded_user,2022-08-22T15:43:33+00:00,1,Alpha Logic Wireless Optical Ergo Mouse,31,1,RWD005002,images/AlphaLogicMouse02.jpg,331002
331003,331,20,9,249,2241,,USD,seeded_user,2022-08-22T15:43:33+00:00,seeded_user,2022-08-22T15:43:33+00:00,1,AV Noise Cancelling Sport Headphones,20,1,RWD001002,images/HeadphoneRDA850.jpg,331003
332003,332,16,4,125,500,,USD,seeded_user,2022-08-22T15:43:33+00:00,seeded_user,2022-08-22T15:43:33+00:00,1,Orion Trendy Smartwatch,16,1,RWD000501,images/SmartWatch06.jpg,332003
332002,332,21,7,299,2093,,USD,seeded_user,2022-08-22T15:43:33+00:00,seeded_user,2022-08-22T15:43:33+00:00,1,AV Noise Cancelling Pro Headphones,21,1,RWD001003,images/HeadphoneRDA900.jpg,332002
332001,332,31,4,49,196,,USD,seeded_user,2022-08-22T15:43:33+00:00,seeded_user,2022-08-22T15:43:33+00:00,1,Alpha Logic Wireless Optical Ergo Mouse,31,1,RWD005002,images/AlphaLogicMouse02.jpg,332001
345002,345,21,2,299,598,,USD,seeded_user,2022-08-22T15:43:34+00:00,seeded_user,2022-08-22T15:43:34+00:00,1,AV Noise Cancelling Pro Headphones,21,1,RWD001003,images/HeadphoneRDA900.jpg,345002
345001,345,35,1,215,215,,USD,seeded_user,2022-08-22T15:43:34+00:00,seeded_user,2022-08-22T15:43:34+00:00,1,Fastrack External SSD 2T,35,1,RWD006003,images/AlphaLogicSSD01.jpg,345001
345003,345,23,9,549,4941,,USD,seeded_user,2022-08-22T15:43:34+00:00,seeded_user,2022-08-22T15:43:34+00:00,1,Fuzzy Slimline Tablet,23,1,RWD002002,images/FuzzyTablet01.jpg,345003
346005,346,3,9,99,891,,USD,seeded_user,2022-08-22T15:43:34+00:00,seeded_user,2022-08-22T15:43:34+00:00,1,Orion Fitness Wearable Gen3,3,1,RWD000103,images/OrionAdvance.png,346005
346003,346,19,4,199,796,,USD,seeded_user,2022-08-22T15:43:34+00:00,seeded_user,2022-08-22T15:43:34+00:00,1,AV Noise Cancelling Headphones,19,1,RWD001001,images/HeadphoneRDA800.jpg,346003
346002,346,26,8,800,6400,,USD,seeded_user,2022-08-22T15:43:34+00:00,seeded_user,2022-08-22T15:43:34+00:00,1,Fuzzy Gaming Laptop,26,1,RWD003002,images/FuzzyLaptop01.jpg,346002
346004,346,31,4,49,196,,USD,seeded_user,2022-08-22T15:43:34+00:00,seeded_user,2022-08-22T15:43:34+00:00,1,Alpha Logic Wireless Optical Ergo Mouse,31,1,RWD005002,images/AlphaLogicMouse02.jpg,346004
346001,346,18,9,325,2925,,USD,seeded_user,2022-08-22T15:43:34+00:00,seeded_user,2022-08-22T15:43:34+00:00,1,Orion Multi-Active Smartwatch,18,1,RWD000503,images/SmartWatch08.jpg,346001
31001,31,5,1,149,149,,USD,seeded_user,2022-08-22T15:43:33+00:00,seeded_user,2022-08-22T15:43:33+00:00,1,"Oro Gold Wearable, Blue",5,1,RWD000202,images/OroBlueAngle.png,31001
31005,31,19,9,199,1791,,USD,seeded_user,2022-08-22T15:43:33+00:00,seeded_user,2022-08-22T15:43:33+00:00,1,AV Noise Cancelling Headphones,19,1,RWD001001,images/HeadphoneRDA800.jpg,31005
31004,31,18,5,325,1625,,USD,seeded_user,2022-08-22T15:43:33+00:00,seeded_user,2022-08-22T15:43:33+00:00,1,Orion Multi-Active Smartwatch,18,1,RWD000503,images/SmartWatch08.jpg,31004
31002,31,27,7,1049,7343,,USD,seeded_user,2022-08-22T15:43:33+00:00,seeded_user,2022-08-22T15:43:33+00:00,1,Green Gate Business Laptop,27,1,RWD003003,images/GreenGateLaptop01.jpg,31002
31003,31,27,3,1049,3147,,USD,seeded_user,2022-08-22T15:43:33+00:00,seeded_user,2022-08-22T15:43:33+00:00,1,Green Gate Business Laptop,27,1,RWD003003,images/GreenGateLaptop01.jpg,31003
32002,32,2,2,85,170,,USD,seeded_user,2022-08-22T15:43:33+00:00,seeded_user,2022-08-22T15:43:33+00:00,1,Orion Fitness Wearable Gen2,2,1,RWD000102,images/OrionIntermediate.png,32002
32001,32,14,7,249,1743,,USD,seeded_user,2022-08-22T15:43:33+00:00,seeded_user,2022-08-22T15:43:33+00:00,1,"Silicon Smart Active Smartwatch, Pink",14,1,RWD000403,images/SmartPink05.png,32001
32004,32,19,3,199,597,,USD,seeded_user,2022-08-22T15:43:33+00:00,seeded_user,2022-08-22T15:43:33+00:00,1,AV Noise Cancelling Headphones,19,1,RWD001001,images/HeadphoneRDA800.jpg,32004
32005,32,19,7,199,1393,,USD,seeded_user,2022-08-22T15:43:33+00:00,seeded_user,2022-08-22T15:43:33+00:00,1,AV Noise Cancelling Headphones,19,1,RWD001001,images/HeadphoneRDA800.jpg,32005
32003,32,27,8,1049,8392,,USD,seeded_user,2022-08-22T15:43:33+00:00,seeded_user,2022-08-22T15:43:33+00:00,1,Green Gate Business Laptop,27,1,RWD003003,images/GreenGateLaptop01.jpg,32003
33003,33,19,6,199,1194,,USD,seeded_user,2022-08-22T15:43:33+00:00,seeded_user,2022-08-22T15:43:33+00:00,1,AV Noise Cancelling Headphones,19,1,RWD001001,images/HeadphoneRDA800.jpg,33003
33001,33,18,1,325,325,,USD,seeded_user,2022-08-22T15:43:33+00:00,seeded_user,2022-08-22T15:43:33+00:00,1,Orion Multi-Active Smartwatch,18,1,RWD000503,images/SmartWatch08.jpg,33001
33002,33,27,8,1049,8392,,USD,seeded_user,2022-08-22T15:43:33+00:00,seeded_user,2022-08-22T15:43:33+00:00,1,Green Gate Business Laptop,27,1,RWD003003,images/GreenGateLaptop01.jpg,33002
34001,34,24,9,699,6291,,USD,seeded_user,2022-08-22T15:43:33+00:00,seeded_user,2022-08-22T15:43:33+00:00,1,Green Gate Lite Tablet,24,1,RWD002003,images/GreenGateTablet01.jpg,34001
34002,34,1,9,65,585,,USD,seeded_user,2022-08-22T15:43:33+00:00,seeded_user,2022-08-22T15:43:33+00:00,1,Orion Fitness Wearable Gen1,1,1,RWD000101,images/OrionBasic.png,34002
34003,34,20,8,249,1992,,USD,seeded_user,2022-08-22T15:43:33+00:00,seeded_user,2022-08-22T15:43:33+00:00,1,AV Noise Cancelling Sport Headphones,20,1,RWD001002,images/HeadphoneRDA850.jpg,34003
50004,50,36,1,200,200,,USD,seeded_user,2022-08-22T15:43:33+00:00,seeded_user,2022-08-22T15:43:33+00:00,1,Quantum LaserJet Printer,36,1,RWD007001,images/QuantumPrinter01.jpg,50004
50005,50,18,8,325,2600,,USD,seeded_user,2022-08-22T15:43:33+00:00,seeded_user,2022-08-22T15:43:33+00:00,1,Orion Multi-Active Smartwatch,18,1,RWD000503,images/SmartWatch08.jpg,50005
50001,50,22,9,499,4491,,USD,seeded_user,2022-08-22T15:43:33+00:00,seeded_user,2022-08-22T15:43:33+00:00,1,Quantum Graphite Tablet,22,1,RWD002001,images/QuantumTablet01.jpg,50001
50002,50,20,6,249,1494,,USD,seeded_user,2022-08-22T15:43:33+00:00,seeded_user,2022-08-22T15:43:33+00:00,1,AV Noise Cancelling Sport Headphones,20,1,RWD001002,images/HeadphoneRDA850.jpg,50002
50003,50,20,2,249,498,,USD,seeded_user,2022-08-22T15:43:33+00:00,seeded_user,2022-08-22T15:43:33+00:00,1,AV Noise Cancelling Sport Headphones,20,1,RWD001002,images/HeadphoneRDA850.jpg,50003
51002,51,3,3,99,297,,USD,seeded_user,2022-08-22T15:43:33+00:00,seeded_user,2022-08-22T15:43:33+00:00,1,Orion Fitness Wearable Gen3,3,1,RWD000103,images/OrionAdvance.png,51002
51004,51,21,2,299,598,,USD,seeded_user,2022-08-22T15:43:33+00:00,seeded_user,2022-08-22T15:43:33+00:00,1,AV Noise Cancelling Pro Headphones,21,1,RWD001003,images/HeadphoneRDA900.jpg,51004
51003,51,23,2,549,1098,,USD,seeded_user,2022-08-22T15:43:33+00:00,seeded_user,2022-08-22T15:43:33+00:00,1,Fuzzy Slimline Tablet,23,1,RWD002002,images/FuzzyTablet01.jpg,51003
51001,51,33,4,125,500,,USD,seeded_user,2022-08-22T15:43:33+00:00,seeded_user,2022-08-22T15:43:33+00:00,1,Quantum External SSD 1T,33,1,RWD006001,images/QuantumSSD01.jpg,51001
51005,51,13,3,249,747,,USD,seeded_user,2022-08-22T15:43:33+00:00,seeded_user,2022-08-22T15:43:33+00:00,1,"Silicon Smart Active Smartwatch, Blue",13,1,RWD000402,images/SmartBlue05.png,51005
52002,52,21,6,299,1794,,USD,seeded_user,2022-08-22T15:43:33+00:00,seeded_user,2022-08-22T15:43:33+00:00,1,AV Noise Cancelling Pro Headphones,21,1,RWD001003,images/HeadphoneRDA900.jpg,52002
52003,52,26,9,800,7200,,USD,seeded_user,2022-08-22T15:43:33+00:00,seeded_user,2022-08-22T15:43:33+00:00,1,Fuzzy Gaming Laptop,26,1,RWD003002,images/FuzzyLaptop01.jpg,52003
52004,52,34,4,145,580,,USD,seeded_user,2022-08-22T15:43:33+00:00,seeded_user,2022-08-22T15:43:33+00:00,1,Rock Solid External SSD 1T,34,1,RWD006002,images/RockSolidSSD01.jpg,52004
52005,52,34,9,145,1305,,USD,seeded_user,2022-08-22T15:43:33+00:00,seeded_user,2022-08-22T15:43:33+00:00,1,Rock Solid External SSD 1T,34,1,RWD006002,images/RockSolidSSD01.jpg,52005
52001,52,12,4,249,996,,USD,seeded_user,2022-08-22T15:43:33+00:00,seeded_user,2022-08-22T15:43:33+00:00,1,"Silicon Smart Active Smartwatch, Black",12,1,RWD000401,images/SmartBlack05.png,52001
65003,65,19,6,199,1194,,USD,seeded_user,2022-08-22T15:43:33+00:00,seeded_user,2022-08-22T15:43:33+00:00,1,AV Noise Cancelling Headphones,19,1,RWD001001,images/HeadphoneRDA800.jpg,65003
65004,65,19,2,199,398,,USD,seeded_user,2022-08-22T15:43:33+00:00,seeded_user,2022-08-22T15:43:33+00:00,1,AV Noise Cancelling Headphones,19,1,RWD001001,images/HeadphoneRDA800.jpg,65004
65005,65,22,2,499,998,,USD,seeded_user,2022-08-22T15:43:33+00:00,seeded_user,2022-08-22T15:43:33+00:00,1,Quantum Graphite Tablet,22,1,RWD002001,images/QuantumTablet01.jpg,65005
65001,65,38,7,355,2485,,USD,seeded_user,2022-08-22T15:43:33+00:00,seeded_user,2022-08-22T15:43:33+00:00,1,Green Gate LaserJet Printer,38,1,RWD007003,images/GreenGatePrinter01.jpg,65001
65002,65,13,6,249,1494,,USD,seeded_user,2022-08-22T15:43:33+00:00,seeded_user,2022-08-22T15:43:33+00:00,1,"Silicon Smart Active Smartwatch, Blue",13,1,RWD000402,images/SmartBlue05.png,65002
66003,66,9,4,199,796,,USD,seeded_user,2022-08-22T15:43:33+00:00,seeded_user,2022-08-22T15:43:33+00:00,1,"Platino Platinum Wearable, Blue",9,1,RWD000302,images/PlatinoBlueAngle.png,66003
66001,66,19,7,199,1393,,USD,seeded_user,2022-08-22T15:43:33+00:00,seeded_user,2022-08-22T15:43:33+00:00,1,AV Noise Cancelling Headphones,19,1,RWD001001,images/HeadphoneRDA800.jpg,66001
66002,66,35,7,215,1505,,USD,seeded_user,2022-08-22T15:43:33+00:00,seeded_user,2022-08-22T15:43:33+00:00,1,Fastrack External SSD 2T,35,1,RWD006003,images/AlphaLogicSSD01.jpg,66002
67002,67,19,6,199,1194,,USD,seeded_user,2022-08-22T15:43:33+00:00,seeded_user,2022-08-22T15:43:33+00:00,1,AV Noise Cancelling Headphones,19,1,RWD001001,images/HeadphoneRDA800.jpg,67002
67003,67,36,3,200,600,,USD,seeded_user,2022-08-22T15:43:33+00:00,seeded_user,2022-08-22T15:43:33+00:00,1,Quantum LaserJet Printer,36,1,RWD007001,images/QuantumPrinter01.jpg,67003
67004,67,4,3,149,447,,USD,seeded_user,2022-08-22T15:43:33+00:00,seeded_user,2022-08-22T15:43:33+00:00,1,"Oro Gold Wearable, Black",4,1,RWD000201,images/OroBlackAngle.png,67004
67001,67,27,1,1049,1049,,USD,seeded_user,2022-08-22T15:43:33+00:00,seeded_user,2022-08-22T15:43:33+00:00,1,Green Gate Business Laptop,27,1,RWD003003,images/GreenGateLaptop01.jpg,67001
296005,296,28,3,89,267,,USD,seeded_user,2022-08-22T15:43:33+00:00,seeded_user,2022-08-22T15:43:33+00:00,1,Alpha Logic Wired Keyboard,28,1,RWD004001,images/AlphaLogicKeyboard01.jpg,296005
296004,296,17,3,225,675,,USD,seeded_user,2022-08-22T15:43:33+00:00,seeded_user,2022-08-22T15:43:33+00:00,1,Orion Business Smartwatch,17,1,RWD000502,images/SmartWatch07.jpg,296004
296003,296,23,1,549,549,,USD,seeded_user,2022-08-22T15:43:33+00:00,seeded_user,2022-08-22T15:43:33+00:00,1,Fuzzy Slimline Tablet,23,1,RWD002002,images/FuzzyTablet01.jpg,296003
296001,296,20,2,249,498,,USD,seeded_user,2022-08-22T15:43:33+00:00,seeded_user,2022-08-22T15:43:33+00:00,1,AV Noise Cancelling Sport Headphones,20,1,RWD001002,images/HeadphoneRDA850.jpg,296001
296002,296,20,9,249,2241,,USD,seeded_user,2022-08-22T15:43:33+00:00,seeded_user,2022-08-22T15:43:33+00:00,1,AV Noise Cancelling Sport Headphones,20,1,RWD001002,images/HeadphoneRDA850.jpg,296002
297001,297,15,2,249,498,,USD,seeded_user,2022-08-22T15:43:33+00:00,seeded_user,2022-08-22T15:43:33+00:00,1,"Silicon Smart Active Smartwatch, White",15,1,RWD000404,images/SmartWhite05.png,297001
297002,297,38,4,355,1420,,USD,seeded_user,2022-08-22T15:43:33+00:00,seeded_user,2022-08-22T15:43:33+00:00,1,Green Gate LaserJet Printer,38,1,RWD007003,images/GreenGatePrinter01.jpg,297002
297003,297,8,6,199,1194,,USD,seeded_user,2022-08-22T15:43:33+00:00,seeded_user,2022-08-22T15:43:33+00:00,1,"Platino Platinum Wearable, Black",8,1,RWD000301,images/PlatinoBlackAngle.png,297003
297004,297,27,9,1049,9441,,USD,seeded_user,2022-08-22T15:43:33+00:00,seeded_user,2022-08-22T15:43:33+00:00,1,Green Gate Business Laptop,27,1,RWD003003,images/GreenGateLaptop01.jpg,297004
298001,298,2,7,85,595,,USD,seeded_user,2022-08-22T15:43:33+00:00,seeded_user,2022-08-22T15:43:33+00:00,1,Orion Fitness Wearable Gen2,2,1,RWD000102,images/OrionIntermediate.png,298001
298002,298,35,7,215,1505,,USD,seeded_user,2022-08-22T15:43:33+00:00,seeded_user,2022-08-22T15:43:33+00:00,1,Fastrack External SSD 2T,35,1,RWD006003,images/AlphaLogicSSD01.jpg,298002
298003,298,35,3,215,645,,USD,seeded_user,2022-08-22T15:43:33+00:00,seeded_user,2022-08-22T15:43:33+00:00,1,Fastrack External SSD 2T,35,1,RWD006003,images/AlphaLogicSSD01.jpg,298003
68002,68,22,3,499,1497,,USD,seeded_user,2022-08-22T15:43:33+00:00,seeded_user,2022-08-22T15:43:33+00:00,1,Quantum Graphite Tablet,22,1,RWD002001,images/QuantumTablet01.jpg,68002
68003,68,12,3,249,747,,USD,seeded_user,2022-08-22T15:43:33+00:00,seeded_user,2022-08-22T15:43:33+00:00,1,"Silicon Smart Active Smartwatch, Black",12,1,RWD000401,images/SmartBlack05.png,68003
68001,68,7,5,149,745,,USD,seeded_user,2022-08-22T15:43:33+00:00,seeded_user,2022-08-22T15:43:33+00:00,1,"Oro Gold Wearable, White",7,1,RWD000204,images/OroWhiteAngle.png,68001
81003,81,19,9,199,1791,,USD,seeded_user,2022-08-22T15:43:33+00:00,seeded_user,2022-08-22T15:43:33+00:00,1,AV Noise Cancelling Headphones,19,1,RWD001001,images/HeadphoneRDA800.jpg,81003
81004,81,19,3,199,597,,USD,seeded_user,2022-08-22T15:43:33+00:00,seeded_user,2022-08-22T15:43:33+00:00,1,AV Noise Cancelling Headphones,19,1,RWD001001,images/HeadphoneRDA800.jpg,81004
81002,81,12,3,249,747,,USD,seeded_user,2022-08-22T15:43:33+00:00,seeded_user,2022-08-22T15:43:33+00:00,1,"Silicon Smart Active Smartwatch, Black",12,1,RWD000401,images/SmartBlack05.png,81002
81001,81,27,7,1049,7343,,USD,seeded_user,2022-08-22T15:43:33+00:00,seeded_user,2022-08-22T15:43:33+00:00,1,Green Gate Business Laptop,27,1,RWD003003,images/GreenGateLaptop01.jpg,81001
82002,82,26,5,800,4000,,USD,seeded_user,2022-08-22T15:43:33+00:00,seeded_user,2022-08-22T15:43:33+00:00,1,Fuzzy Gaming Laptop,26,1,RWD003002,images/FuzzyLaptop01.jpg,82002
82001,82,8,2,199,398,,USD,seeded_user,2022-08-22T15:43:33+00:00,seeded_user,2022-08-22T15:43:33+00:00,1,"Platino Platinum Wearable, Black",8,1,RWD000301,images/PlatinoBlackAngle.png,82001
82004,82,20,2,249,498,,USD,seeded_user,2022-08-22T15:43:33+00:00,seeded_user,2022-08-22T15:43:33+00:00,1,AV Noise Cancelling Sport Headphones,20,1,RWD001002,images/HeadphoneRDA850.jpg,82004
82005,82,20,6,249,1494,,USD,seeded_user,2022-08-22T15:43:33+00:00,seeded_user,2022-08-22T15:43:33+00:00,1,AV Noise Cancelling Sport Headphones,20,1,RWD001002,images/HeadphoneRDA850.jpg,82005
82003,82,30,3,29,87,,USD,seeded_user,2022-08-22T15:43:33+00:00,seeded_user,2022-08-22T15:43:33+00:00,1,Alpha Logic Wired Optical Mouse,30,1,RWD005001,images/AlphaLogicMouse01.jpg,82003
83005,83,11,7,199,1393,,USD,seeded_user,2022-08-22T15:43:33+00:00,seeded_user,2022-08-22T15:43:33+00:00,1,"Platino Platinum Wearable, White",11,1,RWD000304,images/PlatinoWhiteAngle.png,83005
83002,83,16,5,125,625,,USD,seeded_user,2022-08-22T15:43:33+00:00,seeded_user,2022-08-22T15:43:33+00:00,1,Orion Trendy Smartwatch,16,1,RWD000501,images/SmartWatch06.jpg,83002
83001,83,31,1,49,49,,USD,seeded_user,2022-08-22T15:43:33+00:00,seeded_user,2022-08-22T15:43:33+00:00,1,Alpha Logic Wireless Optical Ergo Mouse,31,1,RWD005002,images/AlphaLogicMouse02.jpg,83001
83004,83,23,3,549,1647,,USD,seeded_user,2022-08-22T15:43:33+00:00,seeded_user,2022-08-22T15:43:33+00:00,1,Fuzzy Slimline Tablet,23,1,RWD002002,images/FuzzyTablet01.jpg,83004
83003,83,20,9,249,2241,,USD,seeded_user,2022-08-22T15:43:33+00:00,seeded_user,2022-08-22T15:43:33+00:00,1,AV Noise Cancelling Sport Headphones,20,1,RWD001002,images/HeadphoneRDA850.jpg,83003
97003,97,22,6,499,2994,,USD,seeded_user,2022-08-22T15:43:33+00:00,seeded_user,2022-08-22T15:43:33+00:00,1,Quantum Graphite Tablet,22,1,RWD002001,images/QuantumTablet01.jpg,97003
97002,97,17,1,225,225,,USD,seeded_user,2022-08-22T15:43:33+00:00,seeded_user,2022-08-22T15:43:33+00:00,1,Orion Business Smartwatch,17,1,RWD000502,images/SmartWatch07.jpg,97002
97001,97,30,5,29,145,,USD,seeded_user,2022-08-22T15:43:33+00:00,seeded_user,2022-08-22T15:43:33+00:00,1,Alpha Logic Wired Optical Mouse,30,1,RWD005001,images/AlphaLogicMouse01.jpg,97001
98002,98,15,2,249,498,,USD,seeded_user,2022-08-22T15:43:33+00:00,seeded_user,2022-08-22T15:43:33+00:00,1,"Silicon Smart Active Smartwatch, White",15,1,RWD000404,images/SmartWhite05.png,98002
98001,98,19,5,199,995,,USD,seeded_user,2022-08-22T15:43:33+00:00,seeded_user,2022-08-22T15:43:33+00:00,1,AV Noise Cancelling Headphones,19,1,RWD001001,images/HeadphoneRDA800.jpg,98001
98005,98,23,3,549,1647,,USD,seeded_user,2022-08-22T15:43:33+00:00,seeded_user,2022-08-22T15:43:33+00:00,1,Fuzzy Slimline Tablet,23,1,RWD002002,images/FuzzyTablet01.jpg,98005
98003,98,1,3,65,195,,USD,seeded_user,2022-08-22T15:43:33+00:00,seeded_user,2022-08-22T15:43:33+00:00,1,Orion Fitness Wearable Gen1,1,1,RWD000101,images/OrionBasic.png,98003
98004,98,1,8,65,520,,USD,seeded_user,2022-08-22T15:43:33+00:00,seeded_user,2022-08-22T15:43:33+00:00,1,Orion Fitness Wearable Gen1,1,1,RWD000101,images/OrionBasic.png,98004
99003,99,16,9,125,1125,,USD,seeded_user,2022-08-22T15:43:33+00:00,seeded_user,2022-08-22T15:43:33+00:00,1,Orion Trendy Smartwatch,16,1,RWD000501,images/SmartWatch06.jpg,99003
99001,99,21,3,299,897,,USD,seeded_user,2022-08-22T15:43:33+00:00,seeded_user,2022-08-22T15:43:33+00:00,1,AV Noise Cancelling Pro Headphones,21,1,RWD001003,images/HeadphoneRDA900.jpg,99001
99002,99,21,4,299,1196,,USD,seeded_user,2022-08-22T15:43:33+00:00,seeded_user,2022-08-22T15:43:33+00:00,1,AV Noise Cancelling Pro Headphones,21,1,RWD001003,images/HeadphoneRDA900.jpg,99002
230005,230,6,1,149,149,,USD,seeded_user,2022-08-22T15:43:33+00:00,seeded_user,2022-08-22T15:43:33+00:00,1,"Oro Gold Wearable, Pink",6,1,RWD000203,images/OroPinkAngle.png,230005
230004,230,15,8,249,1992,,USD,seeded_user,2022-08-22T15:43:33+00:00,seeded_user,2022-08-22T15:43:33+00:00,1,"Silicon Smart Active Smartwatch, White",15,1,RWD000404,images/SmartWhite05.png,230004
230002,230,19,6,199,1194,,USD,seeded_user,2022-08-22T15:43:33+00:00,seeded_user,2022-08-22T15:43:33+00:00,1,AV Noise Cancelling Headphones,19,1,RWD001001,images/HeadphoneRDA800.jpg,230002
230003,230,22,1,499,499,,USD,seeded_user,2022-08-22T15:43:33+00:00,seeded_user,2022-08-22T15:43:33+00:00,1,Quantum Graphite Tablet,22,1,RWD002001,images/QuantumTablet01.jpg,230003
230001,230,28,2,89,178,,USD,seeded_user,2022-08-22T15:43:33+00:00,seeded_user,2022-08-22T15:43:33+00:00,1,Alpha Logic Wired Keyboard,28,1,RWD004001,images/AlphaLogicKeyboard01.jpg,230001
231004,231,9,9,199,1791,,USD,seeded_user,2022-08-22T15:43:33+00:00,seeded_user,2022-08-22T15:43:33+00:00,1,"Platino Platinum Wearable, Blue",9,1,RWD000302,images/PlatinoBlueAngle.png,231004
231002,231,38,4,355,1420,,USD,seeded_user,2022-08-22T15:43:33+00:00,seeded_user,2022-08-22T15:43:33+00:00,1,Green Gate LaserJet Printer,38,1,RWD007003,images/GreenGatePrinter01.jpg,231002
231003,231,23,2,549,1098,,USD,seeded_user,2022-08-22T15:43:33+00:00,seeded_user,2022-08-22T15:43:33+00:00,1,Fuzzy Slimline Tablet,23,1,RWD002002,images/FuzzyTablet01.jpg,231003
231001,231,13,4,249,996,,USD,seeded_user,2022-08-22T15:43:33+00:00,seeded_user,2022-08-22T15:43:33+00:00,1,"Silicon Smart Active Smartwatch, Blue",13,1,RWD000402,images/SmartBlue05.png,231001
232003,232,16,6,125,750,,USD,seeded_user,2022-08-22T15:43:33+00:00,seeded_user,2022-08-22T15:43:33+00:00,1,Orion Trendy Smartwatch,16,1,RWD000501,images/SmartWatch06.jpg,232003
232001,232,1,9,65,585,,USD,seeded_user,2022-08-22T15:43:33+00:00,seeded_user,2022-08-22T15:43:33+00:00,1,Orion Fitness Wearable Gen1,1,1,RWD000101,images/OrionBasic.png,232001
232002,232,20,1,249,249,,USD,seeded_user,2022-08-22T15:43:33+00:00,seeded_user,2022-08-22T15:43:33+00:00,1,AV Noise Cancelling Sport Headphones,20,1,RWD001002,images/HeadphoneRDA850.jpg,232002
233003,233,11,2,199,398,,USD,seeded_user,2022-08-22T15:43:33+00:00,seeded_user,2022-08-22T15:43:33+00:00,1,"Platino Platinum Wearable, White",11,1,RWD000304,images/PlatinoWhiteAngle.png,233003
233002,233,17,5,225,1125,,USD,seeded_user,2022-08-22T15:43:33+00:00,seeded_user,2022-08-22T15:43:33+00:00,1,Orion Business Smartwatch,17,1,RWD000502,images/SmartWatch07.jpg,233002
233001,233,27,2,1049,2098,,USD,seeded_user,2022-08-22T15:43:33+00:00,seeded_user,2022-08-22T15:43:33+00:00,1,Green Gate Business Laptop,27,1,RWD003003,images/GreenGateLaptop01.jpg,233001
233004,233,20,1,249,249,,USD,seeded_user,2022-08-22T15:43:33+00:00,seeded_user,2022-08-22T15:43:33+00:00,1,AV Noise Cancelling Sport Headphones,20,1,RWD001002,images/HeadphoneRDA850.jpg,233004
233005,233,20,1,249,249,,USD,seeded_user,2022-08-22T15:43:33+00:00,seeded_user,2022-08-22T15:43:33+00:00,1,AV Noise Cancelling Sport Headphones,20,1,RWD001002,images/HeadphoneRDA850.jpg,233005
214002,214,32,6,19,114,,USD,seeded_user,2022-08-22T15:43:33+00:00,seeded_user,2022-08-22T15:43:33+00:00,1,Fastrack Blue Wireless Optical Mouse,32,1,RWD005003,images/FastrackMouse01.jpg,214002
214004,214,17,1,225,225,,USD,seeded_user,2022-08-22T15:43:33+00:00,seeded_user,2022-08-22T15:43:33+00:00,1,Orion Business Smartwatch,17,1,RWD000502,images/SmartWatch07.jpg,214004
214003,214,27,9,1049,9441,,USD,seeded_user,2022-08-22T15:43:33+00:00,seeded_user,2022-08-22T15:43:33+00:00,1,Green Gate Business Laptop,27,1,RWD003003,images/GreenGateLaptop01.jpg,214003
214001,214,20,1,249,249,,USD,seeded_user,2022-08-22T15:43:33+00:00,seeded_user,2022-08-22T15:43:33+00:00,1,AV Noise Cancelling Sport Headphones,20,1,RWD001002,images/HeadphoneRDA850.jpg,214001
215003,215,15,1,249,249,,USD,seeded_user,2022-08-22T15:43:33+00:00,seeded_user,2022-08-22T15:43:33+00:00,1,"Silicon Smart Active Smartwatch, White",15,1,RWD000404,images/SmartWhite05.png,215003
215004,215,27,9,1049,9441,,USD,seeded_user,2022-08-22T15:43:33+00:00,seeded_user,2022-08-22T15:43:33+00:00,1,Green Gate Business Laptop,27,1,RWD003003,images/GreenGateLaptop01.jpg,215004
215001,215,20,9,249,2241,,USD,seeded_user,2022-08-22T15:43:33+00:00,seeded_user,2022-08-22T15:43:33+00:00,1,AV Noise Cancelling Sport Headphones,20,1,RWD001002,images/HeadphoneRDA850.jpg,215001
215002,215,20,6,249,1494,,USD,seeded_user,2022-08-22T15:43:33+00:00,seeded_user,2022-08-22T15:43:33+00:00,1,AV Noise Cancelling Sport Headphones,20,1,RWD001002,images/HeadphoneRDA850.jpg,215002
215005,215,30,4,29,116,,USD,seeded_user,2022-08-22T15:43:33+00:00,seeded_user,2022-08-22T15:43:33+00:00,1,Alpha Logic Wired Optical Mouse,30,1,RWD005001,images/AlphaLogicMouse01.jpg,215005
333001,333,25,9,599,5391,,USD,seeded_user,2022-08-22T15:43:33+00:00,seeded_user,2022-08-22T15:43:33+00:00,1,Quantum Home Office Laptop,25,1,RWD003001,images/QuantumLaptop01.jpg,333001
333003,333,29,2,79,158,,USD,seeded_user,2022-08-22T15:43:33+00:00,seeded_user,2022-08-22T15:43:33+00:00,1,Fastrack Wired Keyboard,29,1,RWD004002,images/FastrackKeyboard01.jpg,333003
333002,333,8,3,199,597,,USD,seeded_user,2022-08-22T15:43:33+00:00,seeded_user,2022-08-22T15:43:33+00:00,1,"Platino Platinum Wearable, Black",8,1,RWD000301,images/PlatinoBlackAngle.png,333002