ProductId,ProductName,Description,CurrencyCode,ImageUrl,NumOfItems,UnitPrice,ProductNumber,ProductCategoryId,CreatedBy,CreationDate,LastUpdatedBy,LastUpdateDate,ObjectVersionNumber,BrandName,Dimensions,PlaceOfManufacture,Weight,CategoryName,ProductCategoryId1,Color,MinThresholdQty,ProductActivationDate,ReorderQty,@context/key
2,Orion Fitness Wearable Gen2,Orion Fitness Wearable Gen2 Sleek and Modern.,USD,images/OrionIntermediate.png,120,85,RWD000102,1,seeded_user,2022-08-22T15:43:33+00:00,seeded_user,2022-08-22T15:43:33+00:00,1,Orion Fitness,35 x 15 x 7 mm,China,28g,Wearables,1,Black,,2022-08-22,,2
3,Orion Fitness Wearable Gen3,Orion Fitness Wearable Gen3 Sleek and Modern.,USD,images/OrionAdvance.png,100,99,RWD000103,1,seeded_user,2022-08-22T15:43:33+00:00,seeded_user,2022-08-22T15:43:33+00:00,1,Orion Fitness,35 x 15 x 7 mm,China,28g,Wearables,1,Black,,2022-08-22,,3
5,"Oro Gold Wearable, Blue","Oro Gold Wearable, Blue Sleek and Modern.",USD,images/OroBlueAngle.png,25,149,RWD000202,1,seeded_user,2022-08-22T15:43:33+00:00,seeded_user,2022-08-22T15:43:33+00:00,1,Supremo,45 x 45 x 15.3 mm,Japan,52g,Wearables,1,Blue,,2022-08-22,,5
6,"Oro Gold Wearable, Pink","Oro Gold Wearable, Pink Sleek and Modern.",USD,images/OroPinkAngle.png,25,149,RWD000203,1,seeded_user,2022-08-22T15:43:33+00:00,seeded_user,2022-08-22T15:43:33+00:00,1,Supremo,45 x 45 x 15.3 mm,Japan,52g,Wearables,1,Pink,,2022-08-22,,6
9,"Platino Platinum Wearable, Blue","Platino Platinum Wearable, Blue Sleek and Modern.",USD,images/PlatinoBlueAngle.png,15,199,RWD000302,1,seeded_user,2022-08-22T15:43:33+00:00,seeded_user,2022-08-22T15:43:33+00:00,1,Supremo,45 x 45 x 15.3 mm,Japan,58g,Wearables,1,Blue,,2022-08-22,,9
10,"Platino Platinum Wearable, Pink","Platino Platinum Wearable, Pink Sleek and Modern.",USD,images/PlatinoPinkAngle.png,15,199,RWD000303,1,seeded_user,2022-08-22T15:43:33+00:00,seeded_user,2022-08-22T15:43:33+00:00,1,Supremo,45 x 45 x 15.3 mm,Japan,58g,Wearables,1,Pink,,2022-08-22,,10
11,"Platino Platinum Wearable, White","Platino Platinum Wearable, White Sleek and Modern.",USD,images/PlatinoWhiteAngle.png,10,199,RWD000304,1,seeded_user,2022-08-22T15:43:33+00:00,seeded_user,2022-08-22T15:43:33+00:00,1,Supremo,45 x 45 x 15.3 mm,Japan,58g,Wearables,1,White,,2022-08-22,,11
4,"Oro Gold Wearable, Black","Oro Gold Wearable, Black Sleek and Modern.",USD,images/OroBlackAngle.png,20,149,RWD000201,1,seeded_user,2022-08-22T15:43:33+00:00,seeded_user,2022-08-22T15:43:33+00:00,1,Supremo,45 x 45 x 15.3 mm,Japan,52g,Wearables,1,Black,,2022-08-22,,4
8,"Platino Platinum Wearable, Black","Platino Platinum Wearable, Black Sleek and Modern.",USD,images/PlatinoBlackAngle.png,10,199,RWD000301,1,seeded_user,2022-08-22T15:43:33+00:00,seeded_user,2022-08-22T15:43:33+00:00,1,Supremo,45 x 45 x 15.3 mm,Japan,58g,Wearables,1,Black,,2022-08-22,,8
1,Orion Fitness Wearable Gen1,Orion Fitness Wearable Gen1 Sleek and Modern.,USD,images/OrionBasic.png,110,65,RWD000101,1,seeded_user,2022-08-22T15:43:33+00:00,seeded_user,2022-08-22T15:43:33+00:00,1,Orion Fitness,35 x 15 x 7 mm,China,30g,Wearables,1,Black,,2022-08-22,,1
7,"Oro Gold Wearable, White","Oro Gold Wearable, White Sleek and Modern.",USD,images/OroWhiteAngle.png,20,149,RWD000204,1,seeded_user,2022-08-22T15:43:33+00:00,seeded_user,2022-08-22T15:43:33+00:00,1,Supremo,45 x 45 x 15.3 mm,Japan,52g,Wearables,1,White,,2022-08-22,,7
14,"Silicon Smart Active Smartwatch, Pink","Silicon Smart Active Smartwatch, Pink Sleek and Modern.",USD,images/SmartPink05.png,60,249,RWD000403,2,seeded_user,2022-08-22T15:43:33+00:00,seeded_user,2022-08-22T15:43:33+00:00,1,Silicon Matrix,42 x 42 x 10.5 mm,China,44g,Smart Watches,2,Pink,,2022-08-22,,14
15,"Silicon Smart Active Smartwatch, White","Silicon Smart Active Smartwatch, White Sleek and Modern.",USD,images/SmartWhite05.png,30,249,RWD000404,2,seeded_user,2022-08-22T15:43:33+00:00,seeded_user,2022-08-22T15:43:33+00:00,1,Silicon Matrix,42 x 42 x 10.5 mm,China,44g,Smart Watches,2,White,,2022-08-22,,15
16,Orion Trendy Smartwatch,Orion Trendy Smartwatch Sleek and Modern.,USD,images/SmartWatch06.jpg,45,125,RWD000501,2,seeded_user,2022-08-22T15:43:33+00:00,seeded_user,2022-08-22T15:43:33+00:00,1,Orion Fitness,45 x 35 x 12 mm,China,61g,Smart Watches,2,Gray,,2022-08-22,,16
18,Orion Multi-Active Smartwatch,Orion Multi-Active Smartwatch Sleek and Modern.,USD,images/SmartWatch08.jpg,50,325,RWD000503,2,seeded_user,2022-08-22T15:43:33+00:00,seeded_user,2022-08-22T15:43:33+00:00,1,Orion Fitness,52 x 52 x 11 mm,China,55g,Smart Watches,2,Black,,2022-08-22,,18
12,"Silicon Smart Active Smartwatch, Black","Silicon Smart Active Smartwatch, Black Sleek and Modern.",USD,images/SmartBlack05.png,40,249,RWD000401,2,seeded_user,2022-08-22T15:43:33+00:00,seeded_user,2022-08-22T15:43:33+00:00,1,Silicon Matrix,42 x 42 x 10.5 mm,China,44g,Smart Watches,2,Black,,2022-08-22,,12
17,Orion Business Smartwatch,Orion Business Smartwatch Sleek and Modern.,USD,images/SmartWatch07.jpg,35,225,RWD000502,2,seeded_user,2022-08-22T15:43:33+00:00,seeded_user,2022-08-22T15:43:33+00:00,1,Orion Fitness,48 x 48 x 9 mm,China,45g,Smart Watches,2,Black,,2022-08-22,,17
13,"Silicon Smart Active Smartwatch, Blue","Silicon Smart Active Smartwatch, Blue Sleek and Modern.",USD,images/SmartBlue05.png,50,249,RWD000402,2,seeded_user,2022-08-22T15:43:33+00:00,seeded_user,2022-08-22T15:43:33+00:00,1,Silicon Matrix,42 x 42 x 10.5 mm,China,44g,Smart Watches,2,Blue,,2022-08-22,,13
19,AV Noise Cancelling Headphones,AV Noise Cancelling Headphones Sleek and Modern.,USD,images/HeadphoneRDA800.jpg,30,199,RWD001001,3,seeded_user,2022-08-22T15:43:33+00:00,seeded_user,2022-08-22T15:43:33+00:00,1,Audio Vision,45mm drivers,Germany,205g,Audio,3,Black,,2022-08-22,,19
21,AV Noise Cancelling Pro Headphones,AV Noise Cancelling Pro Headphones Sleek and Modern.,USD,images/HeadphoneRDA900.jpg,50,299,RWD001003,3,seeded_user,2022-08-22T15:43:33+00:00,seeded_user,2022-08-22T15:43:33+00:00,1,Audio Vision,50mm drivers,Germany,215g,Audio,3,Gold,,2022-08-22,,21
20,AV Noise Cancelling Sport Headphones,AV Noise Cancelling Sport Headphones Sleek and Modern.,USD,images/HeadphoneRDA850.jpg,40,249,RWD001002,3,seeded_user,2022-08-22T15:43:33+00:00,seeded_user,2022-08-22T15:43:33+00:00,1,Audio Vision,45mm drivers,Germany,185g,Audio,3,Orange,,2022-08-22,,20
24,Green Gate Lite Tablet,Green Gate Lite Tablet Sleek and Modern.,USD,images/GreenGateTablet01.jpg,120,699,RWD002003,4,seeded_user,2022-08-22T15:43:33+00:00,seeded_user,2022-08-22T15:43:33+00:00,1,Green Gate Graphics,260 x 180 x 13 mm,USA,450g,Tablets,4,Graphite,,2022-08-22,,24
25,Quantum Home Office Laptop,Quantum Home Office Laptop Sleek and Modern.,USD,images/QuantumLaptop01.jpg,70,599,RWD003001,4,seeded_user,2022-08-22T15:43:33+00:00,seeded_user,2022-08-22T15:43:33+00:00,1,Quantum Technologies,345 x 194 x 15 mm,Canada,1450g,Tablets,4,Pearl Silver,,2022-08-22,,25
26,Fuzzy Gaming Laptop,Fuzzy Gaming Laptop Sleek and Modern.,USD,images/FuzzyLaptop01.jpg,85,800,RWD003002,4,seeded_user,2022-08-22T15:43:33+00:00,seeded_user,2022-08-22T15:43:33+00:00,1,Fuzzy Computing,360 x 225 x 13 mm,Canada,1750g,Tablets,4,Midnight Blue,,2022-08-22,,26
22,Quantum Graphite Tablet,Quantum Graphite Tablet Sleek and Modern.,USD,images/QuantumTablet01.jpg,100,499,RWD002001,4,seeded_user,2022-08-22T15:43:33+00:00,seeded_user,2022-08-22T15:43:33+00:00,1,Quantum Technologies,240 x 150 x 12 mm,USA,350g,Tablets,4,Graphite,,2022-08-22,,22
23,Fuzzy Slimline Tablet,Fuzzy Slimline Tablet Sleek and Modern.,USD,images/FuzzyTablet01.jpg,110,549,RWD002002,4,seeded_user,2022-08-22T15:43:33+00:00,seeded_user,2022-08-22T15:43:33+00:00,1,Fuzzy Computing,260 x 180 x 13 mm,USA,400g,Tablets,4,Graphite,,2022-08-22,,23
27,Green Gate Business Laptop,Green Gate Business Laptop Sleek and Modern.,USD,images/GreenGateLaptop01.jpg,90,1049,RWD003003,4,seeded_user,2022-08-22T15:43:33+00:00,seeded_user,2022-08-22T15:43:33+00:00,1,Green Gate Graphics,375 x 245 x 16 mm,Canada,2100g,Tablets,4,Black,,2022-08-22,,27
29,Fastrack Wired Keyboard,Fastrack Wired Keyboard Sleek and Modern.,USD,images/FastrackKeyboard01.jpg,190,79,RWD004002,5,seeded_user,2022-08-22T15:43:33+00:00,seeded_user,2022-08-22T15:43:33+00:00,1,Fastrack Inc,445 x 150 x 25mm,USA,775g,Laptops,5,Black,,2022-08-22,,29
31,Alpha Logic Wireless Optical Ergo Mouse,Alpha Logic Wireless Optical Ergo Mouse Sleek and Modern.,USD,images/AlphaLogicMouse02.jpg,100,49,RWD005002,5,seeded_user,2022-08-22T15:43:33+00:00,seeded_user,2022-08-22T15:43:33+00:00,1,Alpha Logic,170 x 165 x 160 mm,USA,115g,Laptops,5,Gray,,2022-08-22,,31
34,Rock Solid External SSD 1T,Rock Solid External SSD 1T Sleek and Modern.,USD,images/RockSolidSSD01.jpg,30,145,RWD006002,5,seeded_user,2022-08-22T15:43:33+00:00,seeded_user,2022-08-22T15:43:33+00:00,1,Rock Solid Data Solutions,60 x 60 x 12 mm,Canada,45g,Laptops,5,Black,,2022-08-22,,34
35,Fastrack External SSD 2T,Fastrack External SSD 2T Sleek and Modern.,USD,images/AlphaLogicSSD01.jpg,70,215,RWD006003,5,seeded_user,2022-08-22T15:43:33+00:00,seeded_user,2022-08-22T15:43:33+00:00,1,Alpha Logic,80 x 65 x 14 mm,Canada,60g,Laptops,5,Gray,,2022-08-22,,35
36,Quantum LaserJet Printer,Quantum LaserJet Printer Sleek and Modern.,USD,images/QuantumPrinter01.jpg,25,200,RWD007001,5,seeded_user,2022-08-22T15:43:33+00:00,seeded_user,2022-08-22T15:43:33+00:00,1,Quantum Technologies,15 x 15 x 15 inches,Canada,3kgs,Laptops,5,Gray,,2022-08-22,,36
28,Alpha Logic Wired Keyboard,Alpha Logic Wired Keyboard Sleek and Modern.,USD,images/AlphaLogicKeyboard01.jpg,180,89,RWD004001,5,seeded_user,2022-08-22T15:43:33+00:00,seeded_user,2022-08-22T15:43:33+00:00,1,Alpha Logic,430 x 140 x 15mm,USA,725g,Laptops,5,Black,,2022-08-22,,28
32,Fastrack Blue Wireless Optical Mouse,Fastrack Blue Wireless Optical Mouse Sleek and Modern.,USD,images/FastrackMouse01.jpg,250,19,RWD005003,5,seeded_user,2022-08-22T15:43:33+00:00,seeded_user,2022-08-22T15:43:33+00:00,1,Fastrack Inc,150 x 150 x 120 mm,USA,95g,Laptops,5,Blue,,2022-08-22,,32
38,Green Gate LaserJet Printer,Green Gate LaserJet Printer Sleek and Modern.,USD,images/GreenGatePrinter01.jpg,45,355,RWD007003,5,seeded_user,2022-08-22T15:43:33+00:00,seeded_user,2022-08-22T15:43:33+00:00,1,Green Gate Graphics,24 x 15 x 15 inches,Canada,4kgs,Laptops,5,White,,2022-08-22,,38
33,Quantum External SSD 1T,Quantum External SSD 1T Sleek and Modern.,USD,images/QuantumSSD01.jpg,45,125,RWD006001,5,seeded_user,2022-08-22T15:43:33+00:00,seeded_user,2022-08-22T15:43:33+00:00,1,Quantum Technologies,70 x 60 x 11 mm,Canada,50g,Laptops,5,Midnight Blue,,2022-08-22,,33
30,Alpha Logic Wired Optical Mouse,Alpha Logic Wired Optical Mouse Sleek and Modern.,USD,images/AlphaLogicMouse01.jpg,55,29,RWD005001,5,seeded_user,2022-08-22T15:43:33+00:00,seeded_user,2022-08-22T15:43:33+00:00,1,Alpha Logic,160 x 155 x 140 mm,USA,105g,Laptops,5,White,,2022-08-22,,30
37,Fastrack LaserJet Printer,Fastrack LaserJet Printer Sleek and Modern.,USD,images/FastrackPrinter01.jpg,20,145,RWD007002,5,seeded_user,2022-08-22T15:43:33+00:00,seeded_user,2022-08-22T15:43:33+00:00,1,Fastrack Inc,14 x 11 x 11 inches,Canada,2kgs,Laptops,5,Black,,2022-08-22,,37
