SupplierId,SupplierNumber,SupplierName,ContactName,Phone,EmailAddress,SupplierUrl,CreatedBy,CreationDate,LastUpdatedBy,LastUpdatedDate,ObjectVersionNumber,LastUpdateDate,LastUpdateLogin,@context/key
83,SUP0070983,Global Microsystems,Hugh Anncry,6174046247,hugh.anncry@global-microsystems.mail,https://www.global-microsystems.web,seeded_user,2022-08-22T15:43:33+00:00,seeded_user,2022-08-22T15:43:33+00:00,1,,,83
84,SUP0070984,Cyber Microsystems,Lee Nonmi,6163892642,lee.nonmi@cyber-microsystems.mail,https://www.cyber-microsystems.web,seeded_user,2022-08-22T15:43:33+00:00,seeded_user,2022-08-22T15:43:33+00:00,1,,,84
85,SUP0070985,Big Four Microsystems,Lynne Gwafranca,6107319097,lynne.gwafranca@big-four-microsystems.mail,https://www.big-four-microsystems.web,seeded_user,2022-08-22T15:43:33+00:00,seeded_user,2022-08-22T15:43:33+00:00,1,,,85
86,SUP0070986,Citi Microsystems,Art Decco,6184413459,art.decco@citi-microsystems.mail,https://www.citi-microsystems.web,seeded_user,2022-08-22T15:43:33+00:00,seeded_user,2022-08-22T15:43:33+00:00,1,,,86
87,SUP0070987,ABC Microsystems,Lynne Gwistic,6138492010,lynne.gwistic@abc-microsystems.mail,https://www.abc-microsystems.web,seeded_user,2022-08-22T15:43:33+00:00,seeded_user,2022-08-22T15:43:33+00:00,1,,,87
88,SUP0070988,Axis Microsystems,Oscar Nommanee,6196819654,oscar.nommanee@axis-microsystems.mail,https://www.axis-microsystems.web,seeded_user,2022-08-22T15:43:33+00:00,seeded_user,2022-08-22T15:43:33+00:00,1,,,88
89,SUP0070989,Smart Microsystems,Laura Biding,6122367268,laura.biding@smart-microsystems.mail,https://www.smart-microsystems.web,seeded_user,2022-08-22T15:43:33+00:00,seeded_user,2022-08-22T15:43:33+00:00,1,,,89
90,SUP0070990,Accent Microsystems,Laura Norda,6175530297,laura.norda@accent-microsystems.mail,https://www.accent-microsystems.web,seeded_user,2022-08-22T15:43:33+00:00,seeded_user,2022-08-22T15:43:33+00:00,1,,,90
91,SUP0070991,Business Microsystems,Des Ignayshun,6170868780,des.ignayshun@business-microsystems.mail,https://www.business-microsystems.web,seeded_user,2022-08-22T15:43:33+00:00,seeded_user,2022-08-22T15:43:33+00:00,1,,,91
92,SUP0070992,Computing Associates,Sly Meedentalfloss,6127752549,sly.meedentalfloss@computing-associates.mail,https://www.computing-associates.web,seeded_user,2022-08-22T15:43:33+00:00,seeded_user,2022-08-22T15:43:33+00:00,1,,,92
93,SUP0070993,Technology Associates,Stanley Knife,6146044995,stanley.knife@technology-associates.mail,https://www.technology-associates.web,seeded_user,2022-08-22T15:43:33+00:00,seeded_user,2022-08-22T15:43:33+00:00,1,,,93
94,SUP0070994,Electronics Associates,Mal Ajusted,6149783376,mal.ajusted@electronics-associates.mail,https://www.electronics-associates.web,seeded_user,2022-08-22T15:43:33+00:00,seeded_user,2022-08-22T15:43:33+00:00,1,,,94
95,SUP0070995,Gadget Associates,Penny Black,6105972465,penny.black@gadget-associates.mail,https://www.gadget-associates.web,seeded_user,2022-08-22T15:43:33+00:00,seeded_user,2022-08-22T15:43:33+00:00,1,,,95
96,SUP0070996,Total Associates,Mal Nurrisht,6124882850,mal.nurrisht@total-associates.mail,https://www.total-associates.web,seeded_user,2022-08-22T15:43:33+00:00,seeded_user,2022-08-22T15:43:33+00:00,1,,,96
97,SUP0070997,Vision Associates,Polly Pipe,6146003070,polly.pipe@vision-associates.mail,https://www.vision-associates.web,seeded_user,2022-08-22T15:43:33+00:00,seeded_user,2022-08-22T15:43:33+00:00,1,,,97
98,SUP0070998,Modern Associates,Fran Tick,6106969908,fran.tick@modern-associates.mail,https://www.modern-associates.web,seeded_user,2022-08-22T15:43:33+00:00,seeded_user,2022-08-22T15:43:33+00:00,1,,,98
99,SUP0070999,Worldwide Associates,Santi Argo,6171874899,santi.argo@worldwide-associates.mail,https://www.worldwide-associates.web,seeded_user,2022-08-22T15:43:33+00:00,seeded_user,2022-08-22T15:43:33+00:00,1,,,99
100,SUP00709100,Active Associates,Carmen Goh,6150524448,carmen.goh@active-associates.mail,https://www.active-associates.web,seeded_user,2022-08-22T15:43:33+00:00,seeded_user,2022-08-22T15:43:33+00:00,1,,,100
101,SUP00709101,United Associates,Manuel Labor,6110480776,manuel.labor@united-associates.mail,https://www.united-associates.web,seeded_user,2022-08-22T15:43:33+00:00,seeded_user,2022-08-22T15:43:33+00:00,1,,,101
102,SUP00709102,Global Associates,Mustafa Leek,6103516716,mustafa.leek@global-associates.mail,https://www.global-associates.web,seeded_user,2022-08-22T15:43:33+00:00,seeded_user,2022-08-22T15:43:33+00:00,1,,,102
103,SUP00709103,Cyber Associates,Emma Grate,6114976346,emma.grate@cyber-associates.mail,https://www.cyber-associates.web,seeded_user,2022-08-22T15:43:33+00:00,seeded_user,2022-08-22T15:43:33+00:00,1,,,103
104,SUP00709104,Big Four Associates,Annie Versaree,6148567848,annie.versaree@big-four-associates.mail,https://www.big-four-associates.web,seeded_user,2022-08-22T15:43:33+00:00,seeded_user,2022-08-22T15:43:33+00:00,1,,,104
105,SUP00709105,Citi Associates,Tim Midsaylesman,6173594966,tim.midsaylesman@citi-associates.mail,https://www.citi-associates.web,seeded_user,2022-08-22T15:43:33+00:00,seeded_user,2022-08-22T15:43:33+00:00,1,,,105
106,SUP00709106,ABC Associates,Mary Krismass,6124423650,mary.krismass@abc-associates.mail,https://www.abc-associates.web,seeded_user,2022-08-22T15:43:33+00:00,seeded_user,2022-08-22T15:43:33+00:00,1,,,106
107,SUP00709107,Axis Associates,Anne Tedote,6197297471,anne.tedote@axis-associates.mail,https://www.axis-associates.web,seeded_user,2022-08-22T15:43:33+00:00,seeded_user,2022-08-22T15:43:33+00:00,1,,,107
108,SUP00709108,Smart Associates,Claude Strophobia,6152448891,claude.strophobia@smart-associates.mail,https://www.smart-associates.web,seeded_user,2022-08-22T15:43:33+00:00,seeded_user,2022-08-22T15:43:33+00:00,1,,,108
109,SUP00709109,Accent Associates,Dulcie Veeta,6191057029,dulcie.veeta@accent-associates.mail,https://www.accent-associates.web,seeded_user,2022-08-22T15:43:33+00:00,seeded_user,2022-08-22T15:43:33+00:00,1,,,109
110,SUP00709110,Business Associates,Abe Normal,6160745174,abe.normal@business-associates.mail,https://www.business-associates.web,seeded_user,2022-08-22T15:43:33+00:00,seeded_user,2022-08-22T15:43:33+00:00,1,,,110
1,SUP007091,Computing Innovations,Paddy Oak,6100591230,paddy.oak@computing-innovations.mail,https://www.computing-innovations.web,seeded_user,2022-08-22T15:43:33+00:00,seeded_user,2022-08-22T15:43:33+00:00,1,,,1
2,SUP007092,Technology Innovations,Olive Yew,6151748360,olive.yew@technology-innovations.mail,https://www.technology-innovations.web,seeded_user,2022-08-22T15:43:33+00:00,seeded_user,2022-08-22T15:43:33+00:00,1,,,2
3,SUP007093,Electronics Innovations,Aida Bugg,6116843774,aida.bugg@electronics-innovations.mail,https://www.electronics-innovations.web,seeded_user,2022-08-22T15:43:33+00:00,seeded_user,2022-08-22T15:43:33+00:00,1,,,3
4,SUP007094,Gadget Innovations,Maureen Biologist,6138652383,maureen.biologist@gadget-innovations.mail,https://www.gadget-innovations.web,seeded_user,2022-08-22T15:43:33+00:00,seeded_user,2022-08-22T15:43:33+00:00,1,,,4
5,SUP007095,Total Innovations,Teri Dactyl,6150550004,teri.dactyl@total-innovations.mail,https://www.total-innovations.web,seeded_user,2022-08-22T15:43:33+00:00,seeded_user,2022-08-22T15:43:33+00:00,1,,,5
6,SUP007096,Vision Innovations,Allie Grater,6177855968,allie.grater@vision-innovations.mail,https://www.vision-innovations.web,seeded_user,2022-08-22T15:43:33+00:00,seeded_user,2022-08-22T15:43:33+00:00,1,,,6
7,SUP007097,Modern Innovations,Liz Erd,6186159319,liz.erd@modern-innovations.mail,https://www.modern-innovations.web,seeded_user,2022-08-22T15:43:33+00:00,seeded_user,2022-08-22T15:43:33+00:00,1,,,7
8,SUP007098,Worldwide Innovations,Constance Noring,6173721142,constance.noring@worldwide-innovations.mail,https://www.worldwide-innovations.web,seeded_user,2022-08-22T15:43:33+00:00,seeded_user,2022-08-22T15:43:33+00:00,1,,,8
9,SUP007099,Active Innovations,Lois DiNominator,6113668765,lois.dinominator@active-innovations.mail,https://www.active-innovations.web,seeded_user,2022-08-22T15:43:33+00:00,seeded_user,2022-08-22T15:43:33+00:00,1,,,9
10,SUP0070910,United Innovations,Minnie Vanryder,6141885271,minnie.vanryder@united-innovations.mail,https://www.united-innovations.web,seeded_user,2022-08-22T15:43:33+00:00,seeded_user,2022-08-22T15:43:33+00:00,1,,,10
11,SUP0070911,Global Innovations,Lee Sun,6120007210,lee.sun@global-innovations.mail,https://www.global-innovations.web,seeded_user,2022-08-22T15:43:33+00:00,seeded_user,2022-08-22T15:43:33+00:00,1,,,11
12,SUP0070912,Citi Innovations,Ray Sin,6142599755,ray.sin@citi-innovations.mail,https://www.citi-innovations.web,seeded_user,2022-08-22T15:43:33+00:00,seeded_user,2022-08-22T15:43:33+00:00,1,,,12
13,SUP0070913,ABC Innovations,Isabelle Ringing,6137106452,isabelle.ringing@abc-innovations.mail,https://www.abc-innovations.web,seeded_user,2022-08-22T15:43:33+00:00,seeded_user,2022-08-22T15:43:33+00:00,1,,,13
14,SUP0070914,Axis Innovations,Eileen Sideways,6112704875,eileen.sideways@axis-innovations.mail,https://www.axis-innovations.web,seeded_user,2022-08-22T15:43:33+00:00,seeded_user,2022-08-22T15:43:33+00:00,1,,,14
15,SUP0070915,Smart Innovations,Rita Book,6156394055,rita.book@smart-innovations.mail,https://www.smart-innovations.web,seeded_user,2022-08-22T15:43:33+00:00,seeded_user,2022-08-22T15:43:33+00:00,1,,,15
16,SUP0070916,Accent Innovations,Paige Turner,6160302377,paige.turner@accent-innovations.mail,https://www.accent-innovations.web,seeded_user,2022-08-22T15:43:33+00:00,seeded_user,2022-08-22T15:43:33+00:00,1,,,16
17,SUP0070917,Business Innovations,Rhoda Report,6125950597,rhoda.report@business-innovations.mail,https://www.business-innovations.web,seeded_user,2022-08-22T15:43:33+00:00,seeded_user,2022-08-22T15:43:33+00:00,1,,,17
18,SUP0070918,Cyber Innovations,Augusta Wind,6126531847,augusta.wind@cyber-innovations.mail,https://www.cyber-innovations.web,seeded_user,2022-08-22T15:43:33+00:00,seeded_user,2022-08-22T15:43:33+00:00,1,,,18
19,SUP0070919,Big Four Innovations,Chris Anthemum,6127579507,chris.anthemum@big-four-innovations.mail,https://www.big-four-innovations.web,seeded_user,2022-08-22T15:43:33+00:00,seeded_user,2022-08-22T15:43:33+00:00,1,,,19
20,SUP0070920,Computing Technologies,Anita Bath,6165162282,anita.bath@computing-technologies.mail,https://www.computing-technologies.web,seeded_user,2022-08-22T15:43:33+00:00,seeded_user,2022-08-22T15:43:33+00:00,1,,,20
21,SUP0070921,Electronics Technologies,Harriet Upp,6100194204,harriet.upp@electronics-technologies.mail,https://www.electronics-technologies.web,seeded_user,2022-08-22T15:43:33+00:00,seeded_user,2022-08-22T15:43:33+00:00,1,,,21
22,SUP0070922,Gadget Technologies,Missy Ewe,6185376845,missy.ewe@gadget-technologies.mail,https://www.gadget-technologies.web,seeded_user,2022-08-22T15:43:33+00:00,seeded_user,2022-08-22T15:43:33+00:00,1,,,22
23,SUP0070923,Total Technologies,Ivana Withew,6177272351,ivana.withew@total-technologies.mail,https://www.total-technologies.web,seeded_user,2022-08-22T15:43:33+00:00,seeded_user,2022-08-22T15:43:33+00:00,1,,,23
24,SUP0070924,Vision Technologies,Anita Letterback,6109863475,anita.letterback@vision-technologies.mail,https://www.vision-technologies.web,seeded_user,2022-08-22T15:43:33+00:00,seeded_user,2022-08-22T15:43:33+00:00,1,,,24
25,SUP0070925,Modern Technologies,Hope Furaletter,6153591882,hope.furaletter@modern-technologies.mail,https://www.modern-technologies.web,seeded_user,2022-08-22T15:43:33+00:00,seeded_user,2022-08-22T15:43:33+00:00,1,,,25
26,SUP0070926,Worldwide Technologies,Bee Homesoon,6136980343,bee.homesoon@worldwide-technologies.mail,https://www.worldwide-technologies.web,seeded_user,2022-08-22T15:43:33+00:00,seeded_user,2022-08-22T15:43:33+00:00,1,,,26
27,SUP0070927,Active Technologies,Bess Twishes,6145597224,bess.twishes@active-technologies.mail,https://www.active-technologies.web,seeded_user,2022-08-22T15:43:33+00:00,seeded_user,2022-08-22T15:43:33+00:00,1,,,27
28,SUP0070928,United Technologies,Cole Yasoon,6154363077,cole.yasoon@united-technologies.mail,https://www.united-technologies.web,seeded_user,2022-08-22T15:43:33+00:00,seeded_user,2022-08-22T15:43:33+00:00,1,,,28
29,SUP0070929,Global Technologies,Audie Yose,6159153982,audie.yose@global-technologies.mail,https://www.global-technologies.web,seeded_user,2022-08-22T15:43:33+00:00,seeded_user,2022-08-22T15:43:33+00:00,1,,,29
30,SUP0070930,Citi Technologies,Dee End,6152536008,dee.end@citi-technologies.mail,https://www.citi-technologies.web,seeded_user,2022-08-22T15:43:33+00:00,seeded_user,2022-08-22T15:43:33+00:00,1,,,30
31,SUP0070931,ABC Technologies,Eileen Dover,6199486199,eileen.dover@abc-technologies.mail,https://www.abc-technologies.web,seeded_user,2022-08-22T15:43:33+00:00,seeded_user,2022-08-22T15:43:33+00:00,1,,,31
32,SUP0070932,Axis Technologies,Willie Makit,6184308897,willie.makit@axis-technologies.mail,https://www.axis-technologies.web,seeded_user,2022-08-22T15:43:33+00:00,seeded_user,2022-08-22T15:43:33+00:00,1,,,32
33,SUP0070933,Smart Technologies,Willie Findit,6108090950,willie.findit@smart-technologies.mail,https://www.smart-technologies.web,seeded_user,2022-08-22T15:43:33+00:00,seeded_user,2022-08-22T15:43:33+00:00,1,,,33
34,SUP0070934,Accent Technologies,Skye Blue,6159926269,skye.blue@accent-technologies.mail,https://www.accent-technologies.web,seeded_user,2022-08-22T15:43:33+00:00,seeded_user,2022-08-22T15:43:33+00:00,1,,,34
35,SUP0070935,Business Technologies,Staum Clowd,6182514837,staum.clowd@business-technologies.mail,https://www.business-technologies.web,seeded_user,2022-08-22T15:43:33+00:00,seeded_user,2022-08-22T15:43:33+00:00,1,,,35
36,SUP0070936,Cyber Technologies,Anne Ortha,6161164792,anne.ortha@cyber-technologies.mail,https://www.cyber-technologies.web,seeded_user,2022-08-22T15:43:33+00:00,seeded_user,2022-08-22T15:43:33+00:00,1,,,36
37,SUP0070937,Big Four Technologies,Dave Allippa,6197360572,dave.allippa@big-four-technologies.mail,https://www.big-four-technologies.web,seeded_user,2022-08-22T15:43:33+00:00,seeded_user,2022-08-22T15:43:33+00:00,1,,,37
38,SUP0070938,Electronics and Computing,Dee Zynah,6160399475,dee.zynah@electronics-and-computing.mail,https://www.electronics-and-computing.web,seeded_user,2022-08-22T15:43:33+00:00,seeded_user,2022-08-22T15:43:33+00:00,1,,,38
39,SUP0070939,Gadgets and Computing,Manny Jah,6191753336,manny.jah@gadgets-and-computing.mail,https://www.gadgets-and-computing.web,seeded_user,2022-08-22T15:43:33+00:00,seeded_user,2022-08-22T15:43:33+00:00,1,,,39
40,SUP0070940,Total Computing,Mark Ateer,6184212750,mark.ateer@total-computing.mail,https://www.total-computing.web,seeded_user,2022-08-22T15:43:33+00:00,seeded_user,2022-08-22T15:43:33+00:00,1,,,40
41,SUP0070941,Vision Computing,Reeve Ewer,6123071309,reeve.ewer@vision-computing.mail,https://www.vision-computing.web,seeded_user,2022-08-22T15:43:33+00:00,seeded_user,2022-08-22T15:43:33+00:00,1,,,41
42,SUP0070942,Modern Computing,Theresa Green,6143481022,theresa.green@modern-computing.mail,https://www.modern-computing.web,seeded_user,2022-08-22T15:43:33+00:00,seeded_user,2022-08-22T15:43:33+00:00,1,,,42
43,SUP0070943,Worldwide Computing,Barry Kade,6103205359,barry.kade@worldwide-computing.mail,https://www.worldwide-computing.web,seeded_user,2022-08-22T15:43:33+00:00,seeded_user,2022-08-22T15:43:33+00:00,1,,,43
44,SUP0070944,Active Computing,Stan Dupp,6137407874,stan.dupp@active-computing.mail,https://www.active-computing.web,seeded_user,2022-08-22T15:43:33+00:00,seeded_user,2022-08-22T15:43:33+00:00,1,,,44
45,SUP0070945,United Computing,Neil Down,6177420097,neil.down@united-computing.mail,https://www.united-computing.web,seeded_user,2022-08-22T15:43:33+00:00,seeded_user,2022-08-22T15:43:33+00:00,1,,,45
46,SUP0070946,Global Computing,Con Trariweis,6162333385,con.trariweis@global-computing.mail,https://www.global-computing.web,seeded_user,2022-08-22T15:43:33+00:00,seeded_user,2022-08-22T15:43:33+00:00,1,,,46
47,SUP0070947,Citi Computing,Don Messwidme,6159001588,don.messwidme@citi-computing.mail,https://www.citi-computing.web,seeded_user,2022-08-22T15:43:33+00:00,seeded_user,2022-08-22T15:43:33+00:00,1,,,47
48,SUP0070948,ABC Computing,Al Annon,6165954439,al.annon@abc-computing.mail,https://www.abc-computing.web,seeded_user,2022-08-22T15:43:33+00:00,seeded_user,2022-08-22T15:43:33+00:00,1,,,48
49,SUP0070949,Axis Computing,Anna Domino,6178554978,anna.domino@axis-computing.mail,https://www.axis-computing.web,seeded_user,2022-08-22T15:43:33+00:00,seeded_user,2022-08-22T15:43:33+00:00,1,,,49
50,SUP0070950,Smart Computing,Clyde Stale,6142810099,clyde.stale@smart-computing.mail,https://www.smart-computing.web,seeded_user,2022-08-22T15:43:33+00:00,seeded_user,2022-08-22T15:43:33+00:00,1,,,50
51,SUP0070951,Accent Computing,Anna Logwatch,6121853492,anna.logwatch@accent-computing.mail,https://www.accent-computing.web,seeded_user,2022-08-22T15:43:33+00:00,seeded_user,2022-08-22T15:43:33+00:00,1,,,51
52,SUP0070952,Business Computing,Anna Littlical,6119683170,anna.littlical@business-computing.mail,https://www.business-computing.web,seeded_user,2022-08-22T15:43:33+00:00,seeded_user,2022-08-22T15:43:33+00:00,1,,,52
53,SUP0070953,Cyber Computing,Sly Meebuggah,6104738660,sly.meebuggah@cyber-computing.mail,https://www.cyber-computing.web,seeded_user,2022-08-22T15:43:33+00:00,seeded_user,2022-08-22T15:43:33+00:00,1,,,53
54,SUP0070954,Big Four Computing,Saul Goodmate,6154783089,saul.goodmate@big-four-computing.mail,https://www.big-four-computing.web,seeded_user,2022-08-22T15:43:33+00:00,seeded_user,2022-08-22T15:43:33+00:00,1,,,54
55,SUP0070955,Computing Services,Faye Clether,6184927260,faye.clether@computing-services.mail,https://www.computing-services.web,seeded_user,2022-08-22T15:43:33+00:00,seeded_user,2022-08-22T15:43:33+00:00,1,,,55
56,SUP0070956,Technology Services,Sarah Moanees,6154183112,sarah.moanees@technology-services.mail,https://www.technology-services.web,seeded_user,2022-08-22T15:43:33+00:00,seeded_user,2022-08-22T15:43:33+00:00,1,,,56
57,SUP0070957,Electronics Services,Hugo First,6188728704,hugo.first@electronics-services.mail,https://www.electronics-services.web,seeded_user,2022-08-22T15:43:33+00:00,seeded_user,2022-08-22T15:43:33+00:00,1,,,57
58,SUP0070958,Gadget Services,Percy Vere,6162440998,percy.vere@gadget-services.mail,https://www.gadget-services.web,seeded_user,2022-08-22T15:43:33+00:00,seeded_user,2022-08-22T15:43:33+00:00,1,,,58
59,SUP0070959,Total Services,Olive Tree,6193015460,olive.tree@total-services.mail,https://www.total-services.web,seeded_user,2022-08-22T15:43:33+00:00,seeded_user,2022-08-22T15:43:33+00:00,1,,,59
60,SUP0070960,Vision Services,Fran Geepan,6109703987,fran.geepan@vision-services.mail,https://www.vision-services.web,seeded_user,2022-08-22T15:43:33+00:00,seeded_user,2022-08-22T15:43:33+00:00,1,,,60
61,SUP0070961,Modern Services,John Quil,6130391976,john.quil@modern-services.mail,https://www.modern-services.web,seeded_user,2022-08-22T15:43:33+00:00,seeded_user,2022-08-22T15:43:33+00:00,1,,,61
62,SUP0070962,Worldwide Services,Anne Thurium,6185645519,anne.thurium@worldwide-services.mail,https://www.worldwide-services.web,seeded_user,2022-08-22T15:43:33+00:00,seeded_user,2022-08-22T15:43:33+00:00,1,,,62
63,SUP0070963,Active Services,Cherry Blossom,6158030040,cherry.blossom@active-services.mail,https://www.active-services.web,seeded_user,2022-08-22T15:43:33+00:00,seeded_user,2022-08-22T15:43:33+00:00,1,,,63
64,SUP0070964,United Services,Del Phineum,6121759715,del.phineum@united-services.mail,https://www.united-services.web,seeded_user,2022-08-22T15:43:33+00:00,seeded_user,2022-08-22T15:43:33+00:00,1,,,64
65,SUP0070965,Global Services,Rose Bush,6101811541,rose.bush@global-services.mail,https://www.global-services.web,seeded_user,2022-08-22T15:43:33+00:00,seeded_user,2022-08-22T15:43:33+00:00,1,,,65
66,SUP0070966,Cyber Services,Perry Scope,6102522047,perry.scope@cyber-services.mail,https://www.cyber-services.web,seeded_user,2022-08-22T15:43:33+00:00,seeded_user,2022-08-22T15:43:33+00:00,1,,,66
67,SUP0070967,Big Four Services,Frank Stein,6103764548,frank.stein@big-four-services.mail,https://www.big-four-services.web,seeded_user,2022-08-22T15:43:33+00:00,seeded_user,2022-08-22T15:43:33+00:00,1,,,67
68,SUP0070968,Citi Services,Roy Commishun,6134467024,roy.commishun@citi-services.mail,https://www.citi-services.web,seeded_user,2022-08-22T15:43:33+00:00,seeded_user,2022-08-22T15:43:33+00:00,1,,,68
69,SUP0070969,ABC Services,Pat Thettick,6173104351,pat.thettick@abc-services.mail,https://www.abc-services.web,seeded_user,2022-08-22T15:43:33+00:00,seeded_user,2022-08-22T15:43:33+00:00,1,,,69
70,SUP0070970,Axis Services,Percy Kewshun,6148147391,percy.kewshun@axis-services.mail,https://www.axis-services.web,seeded_user,2022-08-22T15:43:33+00:00,seeded_user,2022-08-22T15:43:33+00:00,1,,,70
71,SUP0070971,Smart Services,Rod Knee,6144515128,rod.knee@smart-services.mail,https://www.smart-services.web,seeded_user,2022-08-22T15:43:33+00:00,seeded_user,2022-08-22T15:43:33+00:00,1,,,71
72,SUP0070972,Accent Services,Hank Cheef,6149021906,hank.cheef@accent-services.mail,https://www.accent-services.web,seeded_user,2022-08-22T15:43:33+00:00,seeded_user,2022-08-22T15:43:33+00:00,1,,,72
73,SUP0070973,Computing Microsystems,Pat Toffis,6170012870,pat.toffis@computing-microsystems.mail,https://www.computing-microsystems.web,seeded_user,2022-08-22T15:43:33+00:00,seeded_user,2022-08-22T15:43:33+00:00,1,,,73
74,SUP0070974,Technology Microsystems,Karen Onnabit,6130784866,karen.onnabit@technology-microsystems.mail,https://www.technology-microsystems.web,seeded_user,2022-08-22T15:43:33+00:00,seeded_user,2022-08-22T15:43:33+00:00,1,,,74
75,SUP0070975,Electronics Microsystems,Fay Daway,6102570157,fay.daway@electronics-microsystems.mail,https://www.electronics-microsystems.web,seeded_user,2022-08-22T15:43:33+00:00,seeded_user,2022-08-22T15:43:33+00:00,1,,,75
76,SUP0070976,Gadget Microsystems,Wes Yabinlatelee,6177614301,wes.yabinlatelee@gadget-microsystems.mail,https://www.gadget-microsystems.web,seeded_user,2022-08-22T15:43:33+00:00,seeded_user,2022-08-22T15:43:33+00:00,1,,,76
77,SUP0070977,Total Microsystems,Colin Sik,6147710231,colin.sik@total-microsystems.mail,https://www.total-microsystems.web,seeded_user,2022-08-22T15:43:33+00:00,seeded_user,2022-08-22T15:43:33+00:00,1,,,77
78,SUP0070978,Vision Microsystems,Toi Story,6136273939,toi.story@vision-microsystems.mail,https://www.vision-microsystems.web,seeded_user,2022-08-22T15:43:33+00:00,seeded_user,2022-08-22T15:43:33+00:00,1,,,78
79,SUP0070979,Modern Microsystems,Jen Eva,6175817914,jen.eva@modern-microsystems.mail,https://www.modern-microsystems.web,seeded_user,2022-08-22T15:43:33+00:00,seeded_user,2022-08-22T15:43:33+00:00,1,,,79
80,SUP0070980,Worldwide Microsystems,Jen Tile,6132146860,jen.tile@worldwide-microsystems.mail,https://www.worldwide-microsystems.web,seeded_user,2022-08-22T15:43:33+00:00,seeded_user,2022-08-22T15:43:33+00:00,1,,,80
81,SUP0070981,Active Microsystems,Simon Sais,6179790443,simon.sais@active-microsystems.mail,https://www.active-microsystems.web,seeded_user,2022-08-22T15:43:33+00:00,seeded_user,2022-08-22T15:43:33+00:00,1,,,81
82,SUP0070982,United Microsystems,Peter Owt,6167450716,peter.owt@united-microsystems.mail,https://www.united-microsystems.web,seeded_user,2022-08-22T15:43:33+00:00,seeded_user,2022-08-22T15:43:33+00:00,1,,,82
